Maltese,English,mt_tokens,en_tokens
"Kull wieħed mis-27 Stat Membru se jkollu stand li turi t-tradizzjonijiet, l-ispeċjalitajiet tal-ikel u l-attrazzjonijiet turistiċi nazzjonali.","Each of the 27 Member States will have a stand putting on display national traditions, food specialities and touristic attractions.","['Kull', 'wieħed', 'mis-27', 'Stat', 'Membru', 'se', 'jkollu', 'stand', 'li', 'turi', 't', '-', 'tradizzjonijiet', ',', 'l', '-', 'ispeċjalitajiet', 'tal', '-', 'ikel', 'u', 'l', '-', 'attrazzjonijiet', 'turistiċi', 'nazzjonali', '.']","['Each', 'of', 'the', '27', 'Member', 'States', 'will', 'have', 'a', 'stand', 'putting', 'on', 'display', 'national', 'traditions', ',', 'food', 'specialities', 'and', 'touristic', 'attractions', '.']"
"It-tfal se jkunu l-mistednin speċjali tagħna b'ħafna attivitajiet divertenti, inkluż spettaklu tal-pupazzi.","Kids will be our special guests with a lot of fun activities, including a puppet show.","['It', '-', 'tfal', 'se', 'jkunu', 'l', '-', 'mistednin', 'speċjali', 'tagħna', ""b'ħafna"", 'attivitajiet', 'divertenti', ',', 'inkluż', 'spettaklu', 'tal', '-', 'pupazzi', '.']","['Kids', 'will', 'be', 'our', 'special', 'guests', 'with', 'a', 'lot', 'of', 'fun', 'activities', ',', 'including', 'a', 'puppet', 'show', '.']"
"B'mod parallel mal-emenda tal-lum, il-Kummissjoni se tniedi wkoll reviżjonitar-Regolament Agrikolu de minimis, fid-dawl tal-pressjoni inflazzjonarja f'dawn l-aħħar snin u l-kuntest attwali fejn, fost l-oħrajn, prezzijiet għoljin tal-komoditajiet qed jaffettwaw is-settur agrikolu.","In parallel to today's amendment, the Commission will also launch a revision of the Agricultural de minimis Regulation, in light of the inflationary pressure in recent years and the current context with, amongst others, high commodity prices affecting the agricultural sector.","[""B'mod"", 'parallel', 'mal', '-', 'emenda', 'tal', '-', 'lum', ',', 'il', '-', 'Kummissjoni', 'se', 'tniedi', 'wkoll', 'reviżjonitar', '-', 'Regolament', 'Agrikolu', 'de', 'minimis', ',', 'fid', '-', 'dawl', 'tal', '-', 'pressjoni', 'inflazzjonarja', ""f'dawn"", 'l', '-', 'aħħar', 'snin', 'u', 'l', '-', 'kuntest', 'attwali', 'fejn', ',', 'fost', 'l', '-', 'oħrajn', ',', 'prezzijiet', 'għoljin', 'tal', '-', 'komoditajiet', 'qed', 'jaffettwaw', 'is', '-', 'settur', 'agrikolu', '.']","['In', 'parallel', 'to', 'today', ""'s"", 'amendment', ',', 'the', 'Commission', 'will', 'also', 'launch', 'a', 'revision', 'of', 'the', 'Agricultural', 'de', 'minimis', 'Regulation', ',', 'in', 'light', 'of', 'the', 'inflationary', 'pressure', 'in', 'recent', 'years', 'and', 'the', 'current', 'context', 'with', ',', 'amongst', 'others', ',', 'high', 'commodity', 'prices', 'affecting', 'the', 'agricultural', 'sector', '.']"
"Se jkun hemm attivitajiet speċjali li jenfasizzaw l-20 anniversarju tat-tkabbir tal-UE tal-2004, il-25 sena tal-ewro u t-30 sena tas-Suq Uniku.","Special activities will highlight the 20th anniversary of the 2004 EU enlargement, 25 years of the euro and 30 years of the Single Market.","['Se', 'jkun', 'hemm', 'attivitajiet', 'speċjali', 'li', 'jenfasizzaw', 'l-20', 'anniversarju', 'tat', '-', 'tkabbir', 'tal', '-', 'UE', 'tal-2004', ',', 'il-25', 'sena', 'tal', '-', 'ewro', 'u', 't-30', 'sena', 'tas', '-', 'Suq', 'Uniku', '.']","['Special', 'activities', 'will', 'highlight', 'the', '20th', 'anniversary', 'of', 'the', '2004', 'EU', 'enlargement', ',', '25', 'years', 'of', 'the', 'euro', 'and', '30', 'years', 'of', 'the', 'Single', 'Market', '.']"
"Fl-istand tal-Bank Ewropew tal-Investiment għal Jum l-Ewropa fi Brussell fl-4 ta' Mejju u fil-Lussemburgu fid-9 ta' Mejju (ara d-dettalji hawnhekk), il-viżitaturi jistgħu jesploraw il-proġetti ikoniċi ffinanzjati mill-BEI f'pajjiżhom.","At the European Investment Bank's stand for Europe Day in Brussels on 4 May and in Luxembourg on 9 May (see details here), visitors can explore the iconic projects financed by the EIB in their country.","['Fl', '-', 'istand', 'tal', '-', 'Bank', 'Ewropew', 'tal', '-', 'Investiment', 'għal', 'Jum', 'l', '-', 'Ewropa', 'fi', 'Brussell', 'fl-4', 'ta', ""'"", 'Mejju', 'u', 'fil', '-', 'Lussemburgu', 'fid-9', 'ta', ""'"", 'Mejju', '(', 'ara', 'd', '-', 'dettalji', 'hawnhekk', ')', ',', 'il', '-', 'viżitaturi', 'jistgħu', 'jesploraw', 'il', '-', 'proġetti', 'ikoniċi', 'ffinanzjati', 'mill', '-', 'BEI', ""f'pajjiżhom"", '.']","['At', 'the', 'European', 'Investment', 'Bank', ""'s"", 'stand', 'for', 'Europe', 'Day', 'in', 'Brussels', 'on', '4', 'May', 'and', 'in', 'Luxembourg', 'on', '9', 'May', '(', 'see', 'details', 'here', ')', ',', 'visitors', 'can', 'explore', 'the', 'iconic', 'projects', 'financed', 'by', 'the', 'EIB', 'in', 'their', 'country', '.']"
"Biex tissodisfa d-domanda għolja, f'Jannar 2024, il-Kummissjoni ddeċidiet li tittriplika l-baġit inizjali allokat għal EUR 4.5 miljun, issa tiffinanzja 65 proġett, inklużi 324 riċerkatur.","To meet the high demand, in January 2024, the Commission decided to triple the initial allocated budget to €4.5 million, now funding 65 projects, including 324 researchers.","['Biex', 'tissodisfa', 'd', '-', 'domanda', 'għolja', ',', ""f'Jannar"", '2024', ',', 'il', '-', 'Kummissjoni', 'ddeċidiet', 'li', 'tittriplika', 'l', '-', 'baġit', 'inizjali', 'allokat', 'għal', 'EUR', '4.5', 'miljun', ',', 'issa', 'tiffinanzja', '65', 'proġett', ',', 'inklużi', '324', 'riċerkatur', '.']","['To', 'meet', 'the', 'high', 'demand', ',', 'in', 'January', '2024', ',', 'the', 'Commission', 'decided', 'to', 'triple', 'the', 'initial', 'allocated', 'budget', 'to', '€', '4.5', 'million', ',', 'now', 'funding', '65', 'projects', ',', 'including', '324', 'researchers', '.']"
"Fid-9 ta' Mejju, l-Ewropa tfakkar id-dokument fundatur tal-UE — id-Dikjarazzjoni ta' Schuman.","On 9 May, Europe commemorates the founding document of the EU – the Schuman Declaration.","['Fid-9', 'ta', ""'"", 'Mejju', ',', 'l', '-', 'Ewropa', 'tfakkar', 'id', '-', 'dokument', 'fundatur', 'tal', '-', 'UE', '—', 'id', '-', 'Dikjarazzjoni', 'ta', ""'"", 'Schuman', '.']","['On', '9', 'May', ',', 'Europe', 'commemorates', 'the', 'founding', 'document', 'of', 'the', 'EU', '–', 'the', 'Schuman', 'Declaration', '.']"
Se jkun hemm żjarat iggwidati tal-wirja VOTE (Parlamentarium) fi Brussell.,There will be guided tours of the VOTE exhibition (Parlamentarium) in Brussels.,"['Se', 'jkun', 'hemm', 'żjarat', 'iggwidati', 'tal', '-', 'wirja', 'VOTE', '(', 'Parlamentarium', ')', 'fi', 'Brussell', '.']","['There', 'will', 'be', 'guided', 'tours', 'of', 'the', 'VOTE', 'exhibition', '(', 'Parlamentarium', ')', 'in', 'Brussels', '.']"
Dan ir-Regolament jeżenta ammonti żgħar ta' appoġġ fis-settur agrikolu mill-kontroll tal-għajnuna mill-Istat peress li jitqiesu li ma għandhom l-ebda impatt fuq il-kompetizzjoni u l-kummerċ fis-Suq Uniku.,This Regulation exempts small amounts of support in the agricultural sector from State aid control since they are deemed to have no impact on competition and trade in the Single Market.,"['Dan', 'ir', '-', 'Regolament', 'jeżenta', 'ammonti', 'żgħar', 'ta', ""'"", 'appoġġ', 'fis', '-', 'settur', 'agrikolu', 'mill', '-', 'kontroll', 'tal', '-', 'għajnuna', 'mill', '-', 'Istat', 'peress', 'li', 'jitqiesu', 'li', 'ma', 'għandhom', 'l', '-', 'ebda', 'impatt', 'fuq', 'il', '-', 'kompetizzjoni', 'u', 'l', '-', 'kummerċ', 'fis', '-', 'Suq', 'Uniku', '.']","['This', 'Regulation', 'exempts', 'small', 'amounts', 'of', 'support', 'in', 'the', 'agricultural', 'sector', 'from', 'State', 'aid', 'control', 'since', 'they', 'are', 'deemed', 'to', 'have', 'no', 'impact', 'on', 'competition', 'and', 'trade', 'in', 'the', 'Single', 'Market', '.']"
10 % mill-enerġija,10% Energy,"['10', '%', 'mill', '-', 'enerġija']","['10', '%', 'Energy']"
"Taqsima 2.8: Miżuri biex jiġu aċċellerati iktar l-investimenti fis-setturi essenzjali għat-tranżizzjoni lejn ekonomija b'emissjonijiet żero netti, li jippermettu appoġġ għall-investiment għall-manifattura ta' tagħmir strateġiku, jiġifieri batteriji, pannelli solari, turbini eoliċi, pompi tas-sħana, elettrolizzaturi u l-użu tal-qbid tal-karbonju u l-ħżin tiegħu kif ukoll għall-produzzjoni ta' komponenti ewlenin u għall-produzzjoni u r-riċiklaġġ ta' materja prima kritika relatata.","Section 2.8: Measures to further accelerate investments in key sectors for the transition towards a net-zero economy, enabling investment support for the manufacturing of strategic equipment, namely batteries, solar panels, wind turbines, heat-pumps, electrolysers and carbon capture usage and storage as well as for production of key components and for production and recycling of related critical raw materials.","['Taqsima', '2.8', ':', 'Miżuri', 'biex', 'jiġu', 'aċċellerati', 'iktar', 'l', '-', 'investimenti', 'fis', '-', 'setturi', 'essenzjali', 'għat', '-', 'tranżizzjoni', 'lejn', 'ekonomija', ""b'emissjonijiet"", 'żero', 'netti', ',', 'li', 'jippermettu', 'appoġġ', 'għall', '-', 'investiment', 'għall', '-', 'manifattura', 'ta', ""'"", 'tagħmir', 'strateġiku', ',', 'jiġifieri', 'batteriji', ',', 'pannelli', 'solari', ',', 'turbini', 'eoliċi', ',', 'pompi', 'tas', '-', 'sħana', ',', 'elettrolizzaturi', 'u', 'l', '-', 'użu', 'tal', '-', 'qbid', 'tal', '-', 'karbonju', 'u', 'l', '-', 'ħżin', 'tiegħu', 'kif', 'ukoll', 'għall', '-', 'produzzjoni', 'ta', ""'"", 'komponenti', 'ewlenin', 'u', 'għall', '-', 'produzzjoni', 'u', 'r', '-', 'riċiklaġġ', 'ta', ""'"", 'materja', 'prima', 'kritika', 'relatata', '.']","['Section', '2.8', ':', 'Measures', 'to', 'further', 'accelerate', 'investments', 'in', 'key', 'sectors', 'for', 'the', 'transition', 'towards', 'a', 'net', '-', 'zero', 'economy', ',', 'enabling', 'investment', 'support', 'for', 'the', 'manufacturing', 'of', 'strategic', 'equipment', ',', 'namely', 'batteries', ',', 'solar', 'panels', ',', 'wind', 'turbines', ',', 'heat', '-', 'pumps', ',', 'electrolysers', 'and', 'carbon', 'capture', 'usage', 'and', 'storage', 'as', 'well', 'as', 'for', 'production', 'of', 'key', 'components', 'and', 'for', 'production', 'and', 'recycling', 'of', 'related', 'critical', 'raw', 'materials', '.']"
It-Taqsima 2.5: Miżuri li jaċċelleraw l-introduzzjoni tal-enerġija rinnovabbli.,Section 2.5: Measures accelerating the rollout of renewable energy.,"['It', '-', 'Taqsima', '2.5', ':', 'Miżuri', 'li', 'jaċċelleraw', 'l', '-', 'introduzzjoni', 'tal', '-', 'enerġija', 'rinnovabbli', '.']","['Section', '2.5', ':', 'Measures', 'accelerating', 'the', 'rollout', 'of', 'renewable', 'energy', '.']"
"Fid-9 ta' Marzu 2023 il-Kummissjoni adottat il-Qafas Temporanju ta' Kriżi u ta' Tranżizzjoni kurrenti biex tħeġġeġ miżuri ta' appoġġ f'setturi li huma essenzjali għat-tranżizzjoni lejn ekonomija newtrali għall-klima, f'konformità mal-Pjan Industrijali tal-Patt Ekoloġiku.","On 9 March 2023, the Commission adopted the current Temporary Crisis and Transition Framework to foster support measures in sectors which are key for the transition to a net-zero economy, in line with the Green Deal Industrial Plan.","['Fid-9', 'ta', ""'"", 'Marzu', '2023', 'il', '-', 'Kummissjoni', 'adottat', 'il', '-', 'Qafas', 'Temporanju', 'ta', ""'"", 'Kriżi', 'u', 'ta', ""'"", 'Tranżizzjoni', 'kurrenti', 'biex', 'tħeġġeġ', 'miżuri', 'ta', ""'"", 'appoġġ', ""f'setturi"", 'li', 'huma', 'essenzjali', 'għat', '-', 'tranżizzjoni', 'lejn', 'ekonomija', 'newtrali', 'għall', '-', 'klima', ',', ""f'konformità"", 'mal', '-', 'Pjan', 'Industrijali', 'tal', '-', 'Patt', 'Ekoloġiku', '.']","['On', '9', 'March', '2023', ',', 'the', 'Commission', 'adopted', 'the', 'current', 'Temporary', 'Crisis', 'and', 'Transition', 'Framework', 'to', 'foster', 'support', 'measures', 'in', 'sectors', 'which', 'are', 'key', 'for', 'the', 'transition', 'to', 'a', 'net', '-', 'zero', 'economy', ',', 'in', 'line', 'with', 'the', 'Green', 'Deal', 'Industrial', 'Plan', '.']"
Ara l-programm sħiħ hawnhekk u l-avvenimenti organizzati fis-27 pajjiż tal-UE hawnhekk.,See the full programme here and the events organised in the 27 EU countries here.,"['Ara', 'l', '-', 'programm', 'sħiħ', 'hawnhekk', 'u', 'l', '-', 'avvenimenti', 'organizzati', 'fis-27', 'pajjiż', 'tal', '-', 'UE', 'hawnhekk', '.']","['See', 'the', 'full', 'programme', 'here', 'and', 'the', 'events', 'organised', 'in', 'the', '27', 'EU', 'countries', 'here', '.']"
"Sadanittant, prodotti agrikoli sensittivi tal-UE bħal-laħam taċ-ċanga, il-laħam tan-nagħaġ u l-prodotti tal-ħalib huma protetti bi kwoti tariffarji mfassla bir-reqqa.","Meanwhile, sensitive EU agricultural products such as beef, sheepmeat and dairy products are protected with carefully designed tariff rate quotas.","['Sadanittant', ',', 'prodotti', 'agrikoli', 'sensittivi', 'tal', '-', 'UE', 'bħal', '-', 'laħam', 'taċ', '-', 'ċanga', ',', 'il', '-', 'laħam', 'tan', '-', 'nagħaġ', 'u', 'l', '-', 'prodotti', 'tal', '-', 'ħalib', 'huma', 'protetti', 'bi', 'kwoti', 'tariffarji', 'mfassla', 'bir', '-', 'reqqa', '.']","['Meanwhile', ',', 'sensitive', 'EU', 'agricultural', 'products', 'such', 'as', 'beef', ',', 'sheepmeat', 'and', 'dairy', 'products', 'are', 'protected', 'with', 'carefully', 'designed', 'tariff', 'rate', 'quotas', '.']"
"Fl-4 ta' Mejju, il-viżitaturi tal-Kunsill fi Brussell se jkollhom l-opportunità jimxu fuq il-passi tal-mexxejja tal-UE.","On 4 May, at the Council in Brussels, visitors will have the opportunity to walk in the footsteps of EU leaders.","['Fl-4', 'ta', ""'"", 'Mejju', ',', 'il', '-', 'viżitaturi', 'tal', '-', 'Kunsill', 'fi', 'Brussell', 'se', 'jkollhom', 'l', '-', 'opportunità', 'jimxu', 'fuq', 'il', '-', 'passi', 'tal', '-', 'mexxejja', 'tal', '-', 'UE', '.']","['On', '4', 'May', ',', 'at', 'the', 'Council', 'in', 'Brussels', ',', 'visitors', 'will', 'have', 'the', 'opportunity', 'to', 'walk', 'in', 'the', 'footsteps', 'of', 'EU', 'leaders', '.']"
L-assemblea tar-reġjuni u l-bliet tal-UE se tiftaħ il-bini tagħha fi Brussell fl-4 ta' Mejju biex tlaqqa' liċ-ċittadini flimkien mal-politiċi eletti reġjonali u lokali.,The EU's assembly of regions and cities will open its Brussels premises on 4 May to bring citizens together with regional and local elected politicians.,"['L', '-', 'assemblea', 'tar', '-', 'reġjuni', 'u', 'l', '-', 'bliet', 'tal', '-', 'UE', 'se', 'tiftaħ', 'il', '-', 'bini', 'tagħha', 'fi', 'Brussell', 'fl-4', 'ta', ""'"", 'Mejju', 'biex', 'tlaqqa', ""'"", 'liċ', '-', 'ċittadini', 'flimkien', 'mal', '-', 'politiċi', 'eletti', 'reġjonali', 'u', 'lokali', '.']","['The', 'EU', ""'s"", 'assembly', 'of', 'regions', 'and', 'cities', 'will', 'open', 'its', 'Brussels', 'premises', 'on', '4', 'May', 'to', 'bring', 'citizens', 'together', 'with', 'regional', 'and', 'local', 'elected', 'politicians', '.']"
"Inizjalment, il-proġett Eurizon antiċipa li jirċievi massimu ta' 70 applikazzjoni u kien mistenni li jappoġġa madwar 22 tim, li jammontaw għal madwar 90 riċerkatur, b'baġit ta' EUR 1.5 miljun.","Initially, the EURIZON project anticipated receiving a maximum of 70 applications and expected to support around 22 teams, totalling approximately 90 researchers, with a budget of €1.5 million.","['Inizjalment', ',', 'il', '-', 'proġett', 'Eurizon', 'antiċipa', 'li', 'jirċievi', 'massimu', 'ta', ""'"", '70', 'applikazzjoni', 'u', 'kien', 'mistenni', 'li', 'jappoġġa', 'madwar', '22', 'tim', ',', 'li', 'jammontaw', 'għal', 'madwar', '90', 'riċerkatur', ',', ""b'baġit"", 'ta', ""'"", 'EUR', '1.5', 'miljun', '.']","['Initially', ',', 'the', 'EURIZON', 'project', 'anticipated', 'receiving', 'a', 'maximum', 'of', '70', 'applications', 'and', 'expected', 'to', 'support', 'around', '22', 'teams', ',', 'totalling', 'approximately', '90', 'researchers', ',', 'with', 'a', 'budget', 'of', '€', '1.5', 'million', '.']"
Il-familji u l-persuni ta' kull età se jkunu jistgħu jitgħallmu kif il-QEA qed tgħin fil-protezzjoni tal-flus taċ-ċittadini tal-UE.,Families and people of all ages will be able to learn how the ECA helps to protect EU citizens' money.,"['Il', '-', 'familji', 'u', 'l', '-', 'persuni', 'ta', ""'"", 'kull', 'età', 'se', 'jkunu', 'jistgħu', 'jitgħallmu', 'kif', 'il', '-', 'QEA', 'qed', 'tgħin', 'fil', '-', 'protezzjoni', 'tal', '-', 'flus', 'taċ', '-', 'ċittadini', 'tal', '-', 'UE', '.']","['Families', 'and', 'people', 'of', 'all', 'ages', 'will', 'be', 'able', 'to', 'learn', 'how', 'the', 'ECA', 'helps', 'to', 'protect', 'EU', 'citizens', ""'"", 'money', '.']"
"Biex ikomplu jaċċelleraw id-diversifikazzjoni tal-provvisti tal-enerġija, l-Istati Membri jistgħu jappoġġaw investimenti għat-tneħħija gradwali tal-fjuwils fossili, b'mod partikolari permezz tal-elettrifikazzjoni, l-effiċjenza enerġetika u l-qlib lejn l-użu tal-idroġenu rinnovabbli u mill-elettriku li jikkonforma ma' ċerti kundizzjonijiet, b'possibbiltajiet estiżi biex tiġi appoġġata d-dekarbonizzazzjoni tal-proċessi industrijali li jaqilbu għal fjuwils derivati mill-idroġenu.","To further accelerate the diversification of energy supplies, Member States can support investments to phase-out from fossil fuels, in particular through electrification, energy efficiency and the switch to the use of renewable and electricity-based hydrogen which complies with certain conditions, with expanded possibilities to support the decarbonisation of industrial processes switching to hydrogen-derived fuels.","['Biex', 'ikomplu', 'jaċċelleraw', 'id', '-', 'diversifikazzjoni', 'tal', '-', 'provvisti', 'tal', '-', 'enerġija', ',', 'l', '-', 'Istati', 'Membri', 'jistgħu', 'jappoġġaw', 'investimenti', 'għat', '-', 'tneħħija', 'gradwali', 'tal', '-', 'fjuwils', 'fossili', ',', ""b'mod"", 'partikolari', 'permezz', 'tal', '-', 'elettrifikazzjoni', ',', 'l', '-', 'effiċjenza', 'enerġetika', 'u', 'l', '-', 'qlib', 'lejn', 'l', '-', 'użu', 'tal', '-', 'idroġenu', 'rinnovabbli', 'u', 'mill', '-', 'elettriku', 'li', 'jikkonforma', 'ma', ""'"", 'ċerti', 'kundizzjonijiet', ',', ""b'possibbiltajiet"", 'estiżi', 'biex', 'tiġi', 'appoġġata', 'd', '-', 'dekarbonizzazzjoni', 'tal', '-', 'proċessi', 'industrijali', 'li', 'jaqilbu', 'għal', 'fjuwils', 'derivati', 'mill', '-', 'idroġenu', '.']","['To', 'further', 'accelerate', 'the', 'diversification', 'of', 'energy', 'supplies', ',', 'Member', 'States', 'can', 'support', 'investments', 'to', 'phase', '-', 'out', 'from', 'fossil', 'fuels', ',', 'in', 'particular', 'through', 'electrification', ',', 'energy', 'efficiency', 'and', 'the', 'switch', 'to', 'the', 'use', 'of', 'renewable', 'and', 'electricity', '-', 'based', 'hydrogen', 'which', 'complies', 'with', 'certain', 'conditions', ',', 'with', 'expanded', 'possibilities', 'to', 'support', 'the', 'decarbonisation', 'of', 'industrial', 'processes', 'switching', 'to', 'hydrogen', '-', 'derived', 'fuels', '.']"
"It-Taqsima 2.1: Ammonti limitati ta' għajnuna, fi kwalunkwe forma sa EUR 280,000 għal kull kumpanija attiva fis-settur agrikolu primarju, u EUR 335,000 għal kumpaniji attivi fis-sajd jew l-akkwakultura sal-31 ta' Diċembru 2024, u sa EUR 2.25 miljun fis-setturi l-oħra kollha sat-30 ta' Ġunju 2024;","Section 2.1: Limited amounts of aid, in any form up to €280,000 per company active in the primary agriculture sector, and €335,000 for companies active in fisheries or aquaculture until 31 December 2024, and up to €2.25 million in all other sectors until 30 June 2024;","['It', '-', 'Taqsima', '2.1', ':', 'Ammonti', 'limitati', 'ta', ""'"", 'għajnuna', ',', 'fi', 'kwalunkwe', 'forma', 'sa', 'EUR', '280,000', 'għal', 'kull', 'kumpanija', 'attiva', 'fis', '-', 'settur', 'agrikolu', 'primarju', ',', 'u', 'EUR', '335,000', 'għal', 'kumpaniji', 'attivi', 'fis', '-', 'sajd', 'jew', 'l', '-', 'akkwakultura', 'sal-31', 'ta', ""'"", 'Diċembru', '2024', ',', 'u', 'sa', 'EUR', '2.25', 'miljun', 'fis', '-', 'setturi', 'l', '-', 'oħra', 'kollha', 'sat-30', 'ta', ""'"", 'Ġunju', '2024', ';']","['Section', '2.1', ':', 'Limited', 'amounts', 'of', 'aid', ',', 'in', 'any', 'form', 'up', 'to', '€', '280,000', 'per', 'company', 'active', 'in', 'the', 'primary', 'agriculture', 'sector', ',', 'and', '€', '335,000', 'for', 'companies', 'active', 'in', 'fisheries', 'or', 'aquaculture', 'until', '31', 'December', '2024', ',', 'and', 'up', 'to', '€', '2.25', 'million', 'in', 'all', 'other', 'sectors', 'until', '30', 'June', '2024', ';']"
"It-Taqsima 2.1, li tippermetti lill-Istati Membri jagħtu ammonti limitati ta' għajnuna, se tiġi eliminata gradwalment sat-30 ta' Ġunju 2024 għas-setturi kollha għajr il-produzzjoni primarja agrikola, is-sajd u l-akkwakultura;","Section 2.1, allowing Member States to grant limited amounts of aid, will phase-out by 30 June 2024 for all sectors other than agricultural primary production, fisheries and aquaculture;","['It', '-', 'Taqsima', '2.1', ',', 'li', 'tippermetti', 'lill', '-', 'Istati', 'Membri', 'jagħtu', 'ammonti', 'limitati', 'ta', ""'"", 'għajnuna', ',', 'se', 'tiġi', 'eliminata', 'gradwalment', 'sat-30', 'ta', ""'"", 'Ġunju', '2024', 'għas', '-', 'setturi', 'kollha', 'għajr', 'il', '-', 'produzzjoni', 'primarja', 'agrikola', ',', 'is', '-', 'sajd', 'u', 'l', '-', 'akkwakultura', ';']","['Section', '2.1', ',', 'allowing', 'Member', 'States', 'to', 'grant', 'limited', 'amounts', 'of', 'aid', ',', 'will', 'phase', '-', 'out', 'by', '30', 'June', '2024', 'for', 'all', 'sectors', 'other', 'than', 'agricultural', 'primary', 'production', ',', 'fisheries', 'and', 'aquaculture', ';']"
"L-avveniment ta' Jum l-Ewropa fil-Parlament Ewropew fl-4 ta' Mejju se jibda b'ċerimonja tal-ftuħ mal-Viċi President Marc Angel (S&D, LU).","The Europe Day event in the European Parliament on 4 May will start with an opening ceremony with Vice-President Marc Angel (S&D, LU).","['L', '-', 'avveniment', 'ta', ""'"", 'Jum', 'l', '-', 'Ewropa', 'fil', '-', 'Parlament', 'Ewropew', 'fl-4', 'ta', ""'"", 'Mejju', 'se', 'jibda', ""b'ċerimonja"", 'tal', '-', 'ftuħ', 'mal', '-', 'Viċi', 'President', 'Marc', 'Angel', '(', 'S&D', ',', 'LU', ')', '.']","['The', 'Europe', 'Day', 'event', 'in', 'the', 'European', 'Parliament', 'on', '4', 'May', 'will', 'start', 'with', 'an', 'opening', 'ceremony', 'with', 'Vice', '-', 'President', 'Marc', 'Angel', '(', 'S&D', ',', 'LU', ')', '.']"
Il-programm sħiħ hu disponibbli hawnhekk.,The full programme is available here.,"['Il', '-', 'programm', 'sħiħ', 'hu', 'disponibbli', 'hawnhekk', '.']","['The', 'full', 'programme', 'is', 'available', 'here', '.']"
15 % ambjent,15% Environment,"['15', '%', 'ambjent']","['15', '%', 'Environment']"
Il-programm sħiħ jinsab hawnhekk.,Full programme here.,"['Il', '-', 'programm', 'sħiħ', 'jinsab', 'hawnhekk', '.']","['Full', 'programme', 'here', '.']"
"Barra minn hekk, l-UE impenjat ruħha li tipprovdi assistenza speċifika u prattika oħra lill-komunità tar-riċerka u l-innovazzjoni tal-Ukrajna.","Furthermore, the EU has committed to providing other specific, practical assistance to the Ukrainian research and innovation community.","['Barra', 'minn', 'hekk', ',', 'l', '-', 'UE', 'impenjat', 'ruħha', 'li', 'tipprovdi', 'assistenza', 'speċifika', 'u', 'prattika', 'oħra', 'lill', '-', 'komunità', 'tar', '-', 'riċerka', 'u', 'l', '-', 'innovazzjoni', 'tal', '-', 'Ukrajna', '.']","['Furthermore', ',', 'the', 'EU', 'has', 'committed', 'to', 'providing', 'other', 'specific', ',', 'practical', 'assistance', 'to', 'the', 'Ukrainian', 'research', 'and', 'innovation', 'community', '.']"
Il-programm sħiħ jinsab hawnhekk.,Full programme here.,"['Il', '-', 'programm', 'sħiħ', 'jinsab', 'hawnhekk', '.']","['Full', 'programme', 'here', '.']"
It-Taqsima 2.4: Għajnuna biex tagħti kumpens għall-prezzijiet għoljin tal-enerġija.,Section 2.4: Aid to compensate for high energy prices.,"['It', '-', 'Taqsima', '2.4', ':', 'Għajnuna', 'biex', 'tagħti', 'kumpens', 'għall', '-', 'prezzijiet', 'għoljin', 'tal', '-', 'enerġija', '.']","['Section', '2.4', ':', 'Aid', 'to', 'compensate', 'for', 'high', 'energy', 'prices', '.']"
"Il-Qafas Temporanju ta' Għajnuna mill-Istat għall-Kriżijiet, li ġie adottat fit-23 ta' Marzu 2022, ippermetta li l-Istati Membri jużaw il-flessibbiltà prevista skont ir-regoli dwar l-għajnuna mill-Istat biex jappoġġaw l-ekonomija fil-kuntest tal-gwerra tar-Russja kontra l-Ukrajna.","The State aid Temporary Crisis Framework, adopted on 23 March 2022, enabled Member States to use the flexibility foreseen under State aid rules to support the economy in the context of Russia's war against Ukraine.","['Il', '-', 'Qafas', 'Temporanju', 'ta', ""'"", 'Għajnuna', 'mill', '-', 'Istat', 'għall', '-', 'Kriżijiet', ',', 'li', 'ġie', 'adottat', 'fit-23', 'ta', ""'"", 'Marzu', '2022', ',', 'ippermetta', 'li', 'l', '-', 'Istati', 'Membri', 'jużaw', 'il', '-', 'flessibbiltà', 'prevista', 'skont', 'ir', '-', 'regoli', 'dwar', 'l', '-', 'għajnuna', 'mill', '-', 'Istat', 'biex', 'jappoġġaw', 'l', '-', 'ekonomija', 'fil', '-', 'kuntest', 'tal', '-', 'gwerra', 'tar', '-', 'Russja', 'kontra', 'l', '-', 'Ukrajna', '.']","['The', 'State', 'aid', 'Temporary', 'Crisis', 'Framework', ',', 'adopted', 'on', '23', 'March', '2022', ',', 'enabled', 'Member', 'States', 'to', 'use', 'the', 'flexibility', 'foreseen', 'under', 'State', 'aid', 'rules', 'to', 'support', 'the', 'economy', 'in', 'the', 'context', 'of', 'Russia', ""'s"", 'war', 'against', 'Ukraine', '.']"
"Xahar qabel l-elezzjonijiet Ewropej (mis-6 sad-9 ta' Ġunju), iċ-ċittadini se jkollhom l-opportunità li jżuru l-istituzzjonijiet tal-UE fi Brussell u lil hinn minnha, u jitgħallmu aktar dwar dak li l-Ewropa tagħmel għalihom u magħhom.","A month ahead of the European elections (from 6 to 9 June), citizens will have the opportunity to visit the EU institutions in Brussels and beyond, learning more about what Europe does for and with them.","['Xahar', 'qabel', 'l', '-', 'elezzjonijiet', 'Ewropej', '(', 'mis-6', 'sad-9', 'ta', ""'"", 'Ġunju', ')', ',', 'iċ', '-', 'ċittadini', 'se', 'jkollhom', 'l', '-', 'opportunità', 'li', 'jżuru', 'l', '-', 'istituzzjonijiet', 'tal', '-', 'UE', 'fi', 'Brussell', 'u', 'lil', 'hinn', 'minnha', ',', 'u', 'jitgħallmu', 'aktar', 'dwar', 'dak', 'li', 'l', '-', 'Ewropa', 'tagħmel', 'għalihom', 'u', 'magħhom', '.']","['A', 'month', 'ahead', 'of', 'the', 'European', 'elections', '(', 'from', '6', 'to', '9', 'June', ')', ',', 'citizens', 'will', 'have', 'the', 'opportunity', 'to', 'visit', 'the', 'EU', 'institutions', 'in', 'Brussels', 'and', 'beyond', ',', 'learning', 'more', 'about', 'what', 'Europe', 'does', 'for', 'and', 'with', 'them', '.']"
"suq tas-servizzi ta' New Zealand aktar miftuħ f'setturi ewlenin bħas-servizzi finanzjarji, it-telekomunikazzjonijiet, it-trasport marittimu u s-servizzi ta' konsenja;","A more open New Zealand services market in key sectors such as financial services, telecommunications, maritime transport and delivery services.","['suq', 'tas', '-', 'servizzi', 'ta', ""'"", 'New', 'Zealand', 'aktar', 'miftuħ', ""f'setturi"", 'ewlenin', 'bħas', '-', 'servizzi', 'finanzjarji', ',', 'it', '-', 'telekomunikazzjonijiet', ',', 'it', '-', 'trasport', 'marittimu', 'u', 's', '-', 'servizzi', 'ta', ""'"", 'konsenja', ';']","['A', 'more', 'open', 'New', 'Zealand', 'services', 'market', 'in', 'key', 'sectors', 'such', 'as', 'financial', 'services', ',', 'telecommunications', ',', 'maritime', 'transport', 'and', 'delivery', 'services', '.']"
"It-tweġiba qabżet l-aspettattivi, b' total ta' 786 applikazzjoni riċevuti, li minnhom 730 kienu eliġibbli.","The response exceeded expectations, with a total of 786 applications received, of which 730 were eligible.","['It', '-', 'tweġiba', 'qabżet', 'l', '-', 'aspettattivi', ',', 'b', ""'"", 'total', 'ta', ""'"", '786', 'applikazzjoni', 'riċevuti', ',', 'li', 'minnhom', '730', 'kienu', 'eliġibbli', '.']","['The', 'response', 'exceeded', 'expectations', ',', 'with', 'a', 'total', 'of', '786', 'applications', 'received', ',', 'of', 'which', '730', 'were', 'eligible', '.']"
Kuntest ġenerali,Background,"['Kuntest', 'ġenerali']",['Background']
"Taħt tali miżuri, l-għajnuna tista' tingħata sal-31 ta' Diċembru 2025.","Under such measures, aid may be granted until 31 December 2025.","['Taħt', 'tali', 'miżuri', ',', 'l', '-', 'għajnuna', 'tista', ""'"", 'tingħata', 'sal-31', 'ta', ""'"", 'Diċembru', '2025', '.']","['Under', 'such', 'measures', ',', 'aid', 'may', 'be', 'granted', 'until', '31', 'December', '2025', '.']"
Il-Kummissjoni tadotta estensjoni limitata tal-għodod ta' kriżi tal-għajnuna mill-Istat biex tkompli tappoġġa s-setturi tal-agrikoltura u tas-sajd,Commission adopts limited prolongation of State aid crisis tools to further support agriculture and fisheries sectors,"['Il', '-', 'Kummissjoni', 'tadotta', 'estensjoni', 'limitata', 'tal', '-', 'għodod', 'ta', ""'"", 'kriżi', 'tal', '-', 'għajnuna', 'mill', '-', 'Istat', 'biex', 'tkompli', 'tappoġġa', 's', '-', 'setturi', 'tal', '-', 'agrikoltura', 'u', 'tas', '-', 'sajd']","['Commission', 'adopts', 'limited', 'prolongation', 'of', 'State', 'aid', 'crisis', 'tools', 'to', 'further', 'support', 'agriculture', 'and', 'fisheries', 'sectors']"
"B'mod aktar speċifiku, l-Istati Membri jistgħu jagħtu appoġġ lis-settur agrikolu sa EUR 20,000 għal kull benefiċjarju (EUR 25,000, jekk l-Istat Membru jkollu reġistru ċentrali biex jirreġistra l-għajnuna de minimis) fuq perjodu ta' 3 snin mingħajr notifika minn qabel lill-Kummissjoni għall-approvazzjoni.","More specifically, Member States can grant support to the agricultural sector of up to €20,000 per beneficiary (€25,000, if the Member State has a central register to register de minimis aid) over a period of 3 years without prior notification to the Commission for approval.","[""B'mod"", 'aktar', 'speċifiku', ',', 'l', '-', 'Istati', 'Membri', 'jistgħu', 'jagħtu', 'appoġġ', 'lis', '-', 'settur', 'agrikolu', 'sa', 'EUR', '20,000', 'għal', 'kull', 'benefiċjarju', '(', 'EUR', '25,000', ',', 'jekk', 'l', '-', 'Istat', 'Membru', 'jkollu', 'reġistru', 'ċentrali', 'biex', 'jirreġistra', 'l', '-', 'għajnuna', 'de', 'minimis', ')', 'fuq', 'perjodu', 'ta', ""'"", '3', 'snin', 'mingħajr', 'notifika', 'minn', 'qabel', 'lill', '-', 'Kummissjoni', 'għall', '-', 'approvazzjoni', '.']","['More', 'specifically', ',', 'Member', 'States', 'can', 'grant', 'support', 'to', 'the', 'agricultural', 'sector', 'of', 'up', 'to', '€', '20,000', 'per', 'beneficiary', '(', '€', '25,000', ',', 'if', 'the', 'Member', 'State', 'has', 'a', 'central', 'register', 'to', 'register', 'de', 'minimis', 'aid', ')', 'over', 'a', 'period', 'of', '3', 'years', 'without', 'prior', 'notification', 'to', 'the', 'Commission', 'for', 'approval', '.']"
"Taħt skemi bħal dawn, l-għajnuna tista' tingħata sal-31 ta' Diċembru 2025; wara dik id-data, ir-regoli tas-soltu dwar l-għajnuna mill-Istat se jkomplu japplikaw, inklużi b'mod partikolari d-dispożizzjonijiet korrispondenti tal-Linji Gwida dwar l-Għajnuna għall-Klima, l-Enerġija u l-Ambjent (CEEAG);","Under such schemes, aid may be granted until 31 December 2025; after that date, the usual State aid rules will continue to apply, including in particular the corresponding provisions of the Climate, Energy and Environmental Aid Guidelines (CEEAG);","['Taħt', 'skemi', 'bħal', 'dawn', ',', 'l', '-', 'għajnuna', 'tista', ""'"", 'tingħata', 'sal-31', 'ta', ""'"", 'Diċembru', '2025', ';', 'wara', 'dik', 'id', '-', 'data', ',', 'ir', '-', 'regoli', 'tas', '-', 'soltu', 'dwar', 'l', '-', 'għajnuna', 'mill', '-', 'Istat', 'se', 'jkomplu', 'japplikaw', ',', 'inklużi', ""b'mod"", 'partikolari', 'd', '-', 'dispożizzjonijiet', 'korrispondenti', 'tal', '-', 'Linji', 'Gwida', 'dwar', 'l', '-', 'Għajnuna', 'għall', '-', 'Klima', ',', 'l', '-', 'Enerġija', 'u', 'l', '-', 'Ambjent', '(', 'CEEAG', ')', ';']","['Under', 'such', 'schemes', ',', 'aid', 'may', 'be', 'granted', 'until', '31', 'December', '2025', ';', 'after', 'that', 'date', ',', 'the', 'usual', 'State', 'aid', 'rules', 'will', 'continue', 'to', 'apply', ',', 'including', 'in', 'particular', 'the', 'corresponding', 'provisions', 'of', 'the', 'Climate', ',', 'Energy', 'and', 'Environmental', 'Aid', 'Guidelines', '(', 'CEEAG', ')', ';']"
"F'termini tad-dimensjoni tal-ġeneru, 88 % tat-timijiet kienu jinkludu n-nisa.","In terms of gender dimension, 88% of the teams included women.","[""F'termini"", 'tad', '-', 'dimensjoni', 'tal', '-', 'ġeneru', ',', '88', '%', 'tat', '-', 'timijiet', 'kienu', 'jinkludu', 'n', '-', 'nisa', '.']","['In', 'terms', 'of', 'gender', 'dimension', ',', '88', '%', 'of', 'the', 'teams', 'included', 'women', '.']"
"It-taqsimiet 2.5, 2.6 u 2.8 li għandhom l-għan li jaċċelleraw it-tranżizzjoni ekoloġika u jnaqqsu d-dipendenzi fuq il-fjuwils se jibqgħu disponibbli sal-31 ta' Diċembru 2025.","Sections 2.5, 2.6 and 2.8 aimed at accelerating the green transition and reducing fuel dependencies will remain available until 31 December 2025.","['It', '-', 'taqsimiet', '2.5', ',', '2.6', 'u', '2.8', 'li', 'għandhom', 'l', '-', 'għan', 'li', 'jaċċelleraw', 'it', '-', 'tranżizzjoni', 'ekoloġika', 'u', 'jnaqqsu', 'd', '-', 'dipendenzi', 'fuq', 'il', '-', 'fjuwils', 'se', 'jibqgħu', 'disponibbli', 'sal-31', 'ta', ""'"", 'Diċembru', '2025', '.']","['Sections', '2.5', ',', '2.6', 'and', '2.8', 'aimed', 'at', 'accelerating', 'the', 'green', 'transition', 'and', 'reducing', 'fuel', 'dependencies', 'will', 'remain', 'available', 'until', '31', 'December', '2025', '.']"
"Bis-saħħa ta' dan il-ftehim, il-kummerċ bejn l-UE u New Zealand mistenni jiżdied b'massimu ta' 30 % fi żmien għaxar snin, bl-esportazzjonijiet tal-UE potenzjalment jiżdiedu b'massimu ta' €4.5 biljun fis-sena.","Thanks to this deal, EU-New Zealand trade is expected to grow by up to 30% within a decade, with EU exports potentially growing by up to €4.5 billion annually.","['Bis', '-', 'saħħa', 'ta', ""'"", 'dan', 'il', '-', 'ftehim', ',', 'il', '-', 'kummerċ', 'bejn', 'l', '-', 'UE', 'u', 'New', 'Zealand', 'mistenni', 'jiżdied', ""b'massimu"", 'ta', ""'"", '30', '%', 'fi', 'żmien', 'għaxar', 'snin', ',', 'bl', '-', 'esportazzjonijiet', 'tal', '-', 'UE', 'potenzjalment', 'jiżdiedu', ""b'massimu"", 'ta', ""'"", '€', '4.5', 'biljun', 'fis', '-', 'sena', '.']","['Thanks', 'to', 'this', 'deal', ',', 'EU', '-', 'New', 'Zealand', 'trade', 'is', 'expected', 'to', 'grow', 'by', 'up', 'to', '30', '%', 'within', 'a', 'decade', ',', 'with', 'EU', 'exports', 'potentially', 'growing', 'by', 'up', 'to', '€', '4.5', 'billion', 'annually', '.']"
Il-programm ta' Boroż ta' Studju jiffinanzja proġetti ta' riċerka mwettqa f'kollaborazzjoni mal-Infrastrutturi Ewropej tar-Riċerka.,The Fellowship Programme funds research projects conducted in collaboration with European Research Infrastructures.,"['Il', '-', 'programm', 'ta', ""'"", 'Boroż', 'ta', ""'"", 'Studju', 'jiffinanzja', 'proġetti', 'ta', ""'"", 'riċerka', 'mwettqa', ""f'kollaborazzjoni"", 'mal', '-', 'Infrastrutturi', 'Ewropej', 'tar', '-', 'Riċerka', '.']","['The', 'Fellowship', 'Programme', 'funds', 'research', 'projects', 'conducted', 'in', 'collaboration', 'with', 'European', 'Research', 'Infrastructures', '.']"
"L-Istati Membri jistgħu jistabbilixxu skemi għall-investimenti fis-sorsi kollha tal-enerġija rinnovabbli, inkluż fl-idroġenu rinnovabbli, fil-bijogass u fil-bijometan, fil-ħżin, u fis-sħana rinnovabbli, inkluż permezz ta' pompi tas-sħana, bi proċedura ta' sejħa għall-offerti simplifikata li tista' tiġi implimentata malajr, filwaqt li tinkludi biżżejjed salvagwardji biex jitħarsu l-kundizzjonijiet ekwivalenti.","Member States can set up schemes for investments in all renewable energy sources, including renewable hydrogen, biogas and biomethane, storage and renewable heat, including through heat pumps, with simplified tender procedures that can be quickly implemented, while including sufficient safeguards to protect the level playing field.","['L', '-', 'Istati', 'Membri', 'jistgħu', 'jistabbilixxu', 'skemi', 'għall', '-', 'investimenti', 'fis', '-', 'sorsi', 'kollha', 'tal', '-', 'enerġija', 'rinnovabbli', ',', 'inkluż', 'fl', '-', 'idroġenu', 'rinnovabbli', ',', 'fil', '-', 'bijogass', 'u', 'fil', '-', 'bijometan', ',', 'fil', '-', 'ħżin', ',', 'u', 'fis', '-', 'sħana', 'rinnovabbli', ',', 'inkluż', 'permezz', 'ta', ""'"", 'pompi', 'tas', '-', 'sħana', ',', 'bi', 'proċedura', 'ta', ""'"", 'sejħa', 'għall', '-', 'offerti', 'simplifikata', 'li', 'tista', ""'"", 'tiġi', 'implimentata', 'malajr', ',', 'filwaqt', 'li', 'tinkludi', 'biżżejjed', 'salvagwardji', 'biex', 'jitħarsu', 'l', '-', 'kundizzjonijiet', 'ekwivalenti', '.']","['Member', 'States', 'can', 'set', 'up', 'schemes', 'for', 'investments', 'in', 'all', 'renewable', 'energy', 'sources', ',', 'including', 'renewable', 'hydrogen', ',', 'biogas', 'and', 'biomethane', ',', 'storage', 'and', 'renewable', 'heat', ',', 'including', 'through', 'heat', 'pumps', ',', 'with', 'simplified', 'tender', 'procedures', 'that', 'can', 'be', 'quickly', 'implemented', ',', 'while', 'including', 'sufficient', 'safeguards', 'to', 'protect', 'the', 'level', 'playing', 'field', '.']"
"L-applikazzjonijiet eliġibbli koprew diversi oqsma tematiċi, bħal:","The eligible applications covered various thematic fields, such as:","['L', '-', 'applikazzjonijiet', 'eliġibbli', 'koprew', 'diversi', 'oqsma', 'tematiċi', ',', 'bħal', ':']","['The', 'eligible', 'applications', 'covered', 'various', 'thematic', 'fields', ',', 'such', 'as', ':']"
"Dan il-ftehim storiku jinkludi wkoll impenji ta' sostenibbiltà bla preċedenti, inkluż ir-rispett tal-Ftehim ta' Pariġi dwar il-Klima u d-drittijiet ewlenin tal-ħaddiema.","This landmark agreement also includes unprecedented sustainability commitments, including respect of the Paris Climate Agreement and core labour rights.","['Dan', 'il', '-', 'ftehim', 'storiku', 'jinkludi', 'wkoll', 'impenji', 'ta', ""'"", 'sostenibbiltà', 'bla', 'preċedenti', ',', 'inkluż', 'ir', '-', 'rispett', 'tal', '-', 'Ftehim', 'ta', ""'"", 'Pariġi', 'dwar', 'il', '-', 'Klima', 'u', 'd', '-', 'drittijiet', 'ewlenin', 'tal', '-', 'ħaddiema', '.']","['This', 'landmark', 'agreement', 'also', 'includes', 'unprecedented', 'sustainability', 'commitments', ',', 'including', 'respect', 'of', 'the', 'Paris', 'Climate', 'Agreement', 'and', 'core', 'labour', 'rights', '.']"
"Iffirmata fid-9 ta' Mejju 1950, id-dikjarazzjoni kienet pass ewlieni lejn il-kooperazzjoni fl-Ewropa, u l-paċi fil-kontinent tagħna.","Signed on 9 May 1950, the declaration was the stepping-stone to cooperation in Europe, and peace on our continent.","['Iffirmata', 'fid-9', 'ta', ""'"", 'Mejju', '1950', ',', 'id', '-', 'dikjarazzjoni', 'kienet', 'pass', 'ewlieni', 'lejn', 'il', '-', 'kooperazzjoni', 'fl', '-', 'Ewropa', ',', 'u', 'l', '-', 'paċi', 'fil', '-', 'kontinent', 'tagħna', '.']","['Signed', 'on', '9', 'May', '1950', ',', 'the', 'declaration', 'was', 'the', 'stepping', '-', 'stone', 'to', 'cooperation', 'in', 'Europe', ',', 'and', 'peace', 'on', 'our', 'continent', '.']"
"L-edizzjoni ta' Jum l-Ewropa ta' din is-sena se ssir 45 sena wara l-ewwel elezzjonijiet Ewropej fl-1979, u ftit qabel l-elezzjonijiet tal-2024 li se jsiru bejn is-6 u d-9 ta' Ġunju fil-pajjiżi kollha tal-UE.","This year's Europe Day edition takes place 45 years after the first European elections in 1979, and shortly before the elections of 2024 that will take place between 6-9 June in all EU countries.","['L', '-', 'edizzjoni', 'ta', ""'"", 'Jum', 'l', '-', 'Ewropa', 'ta', ""'"", 'din', 'is', '-', 'sena', 'se', 'ssir', '45', 'sena', 'wara', 'l', '-', 'ewwel', 'elezzjonijiet', 'Ewropej', 'fl-1979', ',', 'u', 'ftit', 'qabel', 'l', '-', 'elezzjonijiet', 'tal-2024', 'li', 'se', 'jsiru', 'bejn', 'is-6', 'u', 'd-9', 'ta', ""'"", 'Ġunju', 'fil', '-', 'pajjiżi', 'kollha', 'tal', '-', 'UE', '.']","['This', 'year', ""'s"", 'Europe', 'Day', 'edition', 'takes', 'place', '45', 'years', 'after', 'the', 'first', 'European', 'elections', 'in', '1979', ',', 'and', 'shortly', 'before', 'the', 'elections', 'of', '2024', 'that', 'will', 'take', 'place', 'between', '6', '-', '9', 'June', 'in', 'all', 'EU', 'countries', '.']"
"Illum, il-Kummissjoni Ewropea adottat emenda għall-Qafas Temporanju ta' Għajnuna mill-Istat ta' Kriżi u ta' Tranżizzjoni (State aid Temporary Crisis and Transition Framework, TCTF) biex testendi b'sitt xhur ċerti dispożizzjonijiet tal-Qafas li għandhom l-għan li jindirizzaw id-disturbi persistenti fis-suq speċifikament fis-setturi tal-agrikoltura u tas-sajd.","Today, the European Commission has adopted an amendment to the State aid Temporary Crisis and Transition Framework (TCTF) to prolong by six months certain provisions of the Framework aimed to address persisting market disturbances specifically in the agriculture and fisheries sectors.","['Illum', ',', 'il', '-', 'Kummissjoni', 'Ewropea', 'adottat', 'emenda', 'għall', '-', 'Qafas', 'Temporanju', 'ta', ""'"", 'Għajnuna', 'mill', '-', 'Istat', 'ta', ""'"", 'Kriżi', 'u', 'ta', ""'"", 'Tranżizzjoni', '(', 'State', 'aid', 'Temporary', 'Crisis', 'and', 'Transition', 'Framework', ',', 'TCTF', ')', 'biex', 'testendi', ""b'sitt"", 'xhur', 'ċerti', 'dispożizzjonijiet', 'tal', '-', 'Qafas', 'li', 'għandhom', 'l', '-', 'għan', 'li', 'jindirizzaw', 'id', '-', 'disturbi', 'persistenti', 'fis', '-', 'suq', 'speċifikament', 'fis', '-', 'setturi', 'tal', '-', 'agrikoltura', 'u', 'tas', '-', 'sajd', '.']","['Today', ',', 'the', 'European', 'Commission', 'has', 'adopted', 'an', 'amendment', 'to', 'the', 'State', 'aid', 'Temporary', 'Crisis', 'and', 'Transition', 'Framework', '(', 'TCTF', ')', 'to', 'prolong', 'by', 'six', 'months', 'certain', 'provisions', 'of', 'the', 'Framework', 'aimed', 'to', 'address', 'persisting', 'market', 'disturbances', 'specifically', 'in', 'the', 'agriculture', 'and', 'fisheries', 'sectors', '.']"
"Minkejja dawn l-isfidi, ix-xjenzati Ukreni għadhom impenjati għall-ħidma tagħhom.","Despite these challenges, Ukrainian scientists remain committed to their work.","['Minkejja', 'dawn', 'l', '-', 'isfidi', ',', 'ix', '-', 'xjenzati', 'Ukreni', 'għadhom', 'impenjati', 'għall', '-', 'ħidma', 'tagħhom', '.']","['Despite', 'these', 'challenges', ',', 'Ukrainian', 'scientists', 'remain', 'committed', 'to', 'their', 'work', '.']"
Se jkun hemm wirja ddedikata għall-20 anniversarju tat-tkabbir tal-UE tal-2004.,An exhibition will be dedicated to the 20th anniversary of the 2004 EU enlargement.,"['Se', 'jkun', 'hemm', 'wirja', 'ddedikata', 'għall-20', 'anniversarju', 'tat', '-', 'tkabbir', 'tal', '-', 'UE', 'tal-2004', '.']","['An', 'exhibition', 'will', 'be', 'dedicated', 'to', 'the', '20th', 'anniversary', 'of', 'the', '2004', 'EU', 'enlargement', '.']"
"Se jieħdu sehem f'taħditiet mal-ambaxxaturi għall-UE u jitgħallmu dwar ir-rwol tal-UE fil-promozzjoni tal-paċi, id-drittijiet tal-bniedem u l-iżvilupp sostenibbli fid-dinja.","They will engage in talks with EU ambassadors and learn about the EU's role in promoting peace, human rights and sustainable development in the world.","['Se', 'jieħdu', 'sehem', ""f'taħditiet"", 'mal', '-', 'ambaxxaturi', 'għall', '-', 'UE', 'u', 'jitgħallmu', 'dwar', 'ir', '-', 'rwol', 'tal', '-', 'UE', 'fil', '-', 'promozzjoni', 'tal', '-', 'paċi', ',', 'id', '-', 'drittijiet', 'tal', '-', 'bniedem', 'u', 'l', '-', 'iżvilupp', 'sostenibbli', 'fid', '-', 'dinja', '.']","['They', 'will', 'engage', 'in', 'talks', 'with', 'EU', 'ambassadors', 'and', 'learn', 'about', 'the', 'EU', ""'s"", 'role', 'in', 'promoting', 'peace', ',', 'human', 'rights', 'and', 'sustainable', 'development', 'in', 'the', 'world', '.']"
"Barra minn hekk, il-ftehim jipproteġi l-lista sħiħa tal-inbejjed u l-ispirti tal-UE (kważi 2,000 isem), bħal Prosecco u Champagne, kif ukoll 163 mill-aktar prodotti tradizzjonali magħrufin tal-UE (Indikazzjonijiet Ġeografiċi), bħall-ġobon Feta, il-perżut Istarski pršut u l-Lübecker Marzipan.","Moreover, the agreement protects the full list of EU wines and spirits (close to 2,000 names), such as Prosecco and Champagne, as well as 163 of the most renowned traditional EU products (Geographical Indications), such as Feta cheese, Istarski pršut ham and Lübecker Marzipan.","['Barra', 'minn', 'hekk', ',', 'il', '-', 'ftehim', 'jipproteġi', 'l', '-', 'lista', 'sħiħa', 'tal', '-', 'inbejjed', 'u', 'l', '-', 'ispirti', 'tal', '-', 'UE', '(', 'kważi', '2,000', 'isem', ')', ',', 'bħal', 'Prosecco', 'u', 'Champagne', ',', 'kif', 'ukoll', '163', 'mill', '-', 'aktar', 'prodotti', 'tradizzjonali', 'magħrufin', 'tal', '-', 'UE', '(', 'Indikazzjonijiet', 'Ġeografiċi', ')', ',', 'bħall', '-', 'ġobon', 'Feta', ',', 'il', '-', 'perżut', 'Istarski', 'pršut', 'u', 'l', '-', 'Lübecker', 'Marzipan', '.']","['Moreover', ',', 'the', 'agreement', 'protects', 'the', 'full', 'list', 'of', 'EU', 'wines', 'and', 'spirits', '(', 'close', 'to', '2,000', 'names', ')', ',', 'such', 'as', 'Prosecco', 'and', 'Champagne', ',', 'as', 'well', 'as', '163', 'of', 'the', 'most', 'renowned', 'traditional', 'EU', 'products', '(', 'Geographical', 'Indications', ')', ',', 'such', 'as', 'Feta', 'cheese', ',', 'Istarski', 'pršut', 'ham', 'and', 'Lübecker', 'Marzipan', '.']"
"Il-programm tal-ġurnata jinkludi logħob interattiv, kwiżż tal-UE, mużika live u attivitajiet għat-tfal.","The programme of the day includes interactive games, an EU quiz, live music and activities for children.","['Il', '-', 'programm', 'tal', '-', 'ġurnata', 'jinkludi', 'logħob', 'interattiv', ',', 'kwiżż', 'tal', '-', 'UE', ',', 'mużika', 'live', 'u', 'attivitajiet', 'għat', '-', 'tfal', '.']","['The', 'programme', 'of', 'the', 'day', 'includes', 'interactive', 'games', ',', 'an', 'EU', 'quiz', ',', 'live', 'music', 'and', 'activities', 'for', 'children', '.']"
Aktar informazzjoni dwar il-Qafas Temporanju ta' Kriżi u Tranżizzjoni u azzjonijiet oħra meħuda mill-Kummissjoni biex tindirizza l-impatt ekonomiku tal-gwerra tar-Russja kontra l-Ukrajna u trawwem it-tranżizzjoni lejn ekonomija b'emissjonijiet żero netti tista' tinstab hawnhekk.,More information on the Temporary Crisis and Transition Framework and other actions taken by the Commission to address the economic impact of Russia's war against Ukraine and foster the transition towards a net-zero economy can be found here.,"['Aktar', 'informazzjoni', 'dwar', 'il', '-', 'Qafas', 'Temporanju', 'ta', ""'"", 'Kriżi', 'u', 'Tranżizzjoni', 'u', 'azzjonijiet', 'oħra', 'meħuda', 'mill', '-', 'Kummissjoni', 'biex', 'tindirizza', 'l', '-', 'impatt', 'ekonomiku', 'tal', '-', 'gwerra', 'tar', '-', 'Russja', 'kontra', 'l', '-', 'Ukrajna', 'u', 'trawwem', 'it', '-', 'tranżizzjoni', 'lejn', 'ekonomija', ""b'emissjonijiet"", 'żero', 'netti', 'tista', ""'"", 'tinstab', 'hawnhekk', '.']","['More', 'information', 'on', 'the', 'Temporary', 'Crisis', 'and', 'Transition', 'Framework', 'and', 'other', 'actions', 'taken', 'by', 'the', 'Commission', 'to', 'address', 'the', 'economic', 'impact', 'of', 'Russia', ""'s"", 'war', 'against', 'Ukraine', 'and', 'foster', 'the', 'transition', 'towards', 'a', 'net', '-', 'zero', 'economy', 'can', 'be', 'found', 'here', '.']"
Il-Kumitat Ekonomiku u Soċjali Ewropew,European Economic and Social Committee,"['Il', '-', 'Kumitat', 'Ekonomiku', 'u', 'Soċjali', 'Ewropew']","['European', 'Economic', 'and', 'Social', 'Committee']"
"Taħt skemi bħal dawn, l-għajnuna tista' tingħata sal-31 ta' Diċembru 2025; wara dik id-data, ir-regoli tas-soltu dwar l-għajnuna mill-Istat se jkomplu japplikaw, inklużi b'mod partikolari d-dispożizzjonijiet korrispondenti tas-CEEAG;","Under such schemes, aid may be granted until 31 December 2025; after that date, the usual State aid rules will continue to apply, including in particular the corresponding provisions of the CEEAG;","['Taħt', 'skemi', 'bħal', 'dawn', ',', 'l', '-', 'għajnuna', 'tista', ""'"", 'tingħata', 'sal-31', 'ta', ""'"", 'Diċembru', '2025', ';', 'wara', 'dik', 'id', '-', 'data', ',', 'ir', '-', 'regoli', 'tas', '-', 'soltu', 'dwar', 'l', '-', 'għajnuna', 'mill', '-', 'Istat', 'se', 'jkomplu', 'japplikaw', ',', 'inklużi', ""b'mod"", 'partikolari', 'd', '-', 'dispożizzjonijiet', 'korrispondenti', 'tas', '-', 'CEEAG', ';']","['Under', 'such', 'schemes', ',', 'aid', 'may', 'be', 'granted', 'until', '31', 'December', '2025', ';', 'after', 'that', 'date', ',', 'the', 'usual', 'State', 'aid', 'rules', 'will', 'continue', 'to', 'apply', ',', 'including', 'in', 'particular', 'the', 'corresponding', 'provisions', 'of', 'the', 'CEEAG', ';']"
"Fil-11 ta' April 2024, il-Kummissjoni kkonsultat lill-Istati Membri dwar il-persistenza ta' tfixkil serju tal-ekonomija li jaffettwa b'mod partikolari s-setturi primarji tal-agrikoltura, tas-sajd u tal-akkwakultura.","On 11 April 2024, the Commission consulted Member States on the persistence of a serious disturbance of the economy affecting in particular the primary agricultural, fisheries and aquaculture sectors.","['Fil-11', 'ta', ""'"", 'April', '2024', ',', 'il', '-', 'Kummissjoni', 'kkonsultat', 'lill', '-', 'Istati', 'Membri', 'dwar', 'il', '-', 'persistenza', 'ta', ""'"", 'tfixkil', 'serju', 'tal', '-', 'ekonomija', 'li', 'jaffettwa', ""b'mod"", 'partikolari', 's', '-', 'setturi', 'primarji', 'tal', '-', 'agrikoltura', ',', 'tas', '-', 'sajd', 'u', 'tal', '-', 'akkwakultura', '.']","['On', '11', 'April', '2024', ',', 'the', 'Commission', 'consulted', 'Member', 'States', 'on', 'the', 'persistence', 'of', 'a', 'serious', 'disturbance', 'of', 'the', 'economy', 'affecting', 'in', 'particular', 'the', 'primary', 'agricultural', ',', 'fisheries', 'and', 'aquaculture', 'sectors', '.']"
"Fl-4 ta' Mejju, iċ-ċittadini se jkunu jistgħu jiltaqgħu mal-esperti tal-BĊE fil-Kummissjoni Ewropea fi Brussell (aktar informazzjoni tinsab hawnhekk).","On 4 May, citizens will be able to meet ECB experts at the European Commission in Brussels (more information here).","['Fl-4', 'ta', ""'"", 'Mejju', ',', 'iċ', '-', 'ċittadini', 'se', 'jkunu', 'jistgħu', 'jiltaqgħu', 'mal', '-', 'esperti', 'tal', '-', 'BĊE', 'fil', '-', 'Kummissjoni', 'Ewropea', 'fi', 'Brussell', '(', 'aktar', 'informazzjoni', 'tinsab', 'hawnhekk', ')', '.']","['On', '4', 'May', ',', 'citizens', 'will', 'be', 'able', 'to', 'meet', 'ECB', 'experts', 'at', 'the', 'European', 'Commission', 'in', 'Brussels', '(', 'more', 'information', 'here', ')', '.']"
Se jkun hemm taqsima ddedikata li turi l-appoġġ tagħna lill-Ukrajna.,A dedicated section will showcase our support to Ukraine.,"['Se', 'jkun', 'hemm', 'taqsima', 'ddedikata', 'li', 'turi', 'l', '-', 'appoġġ', 'tagħna', 'lill', '-', 'Ukrajna', '.']","['A', 'dedicated', 'section', 'will', 'showcase', 'our', 'support', 'to', 'Ukraine', '.']"
14 % saħħa u Ikel,14% Health and Food,"['14', '%', 'saħħa', 'u', 'Ikel']","['14', '%', 'Health', 'and', 'Food']"
Id-dar tas-soċjetà ċivili organizzata tal-UE se tiftaħ il-bibien tagħha fi Brussell fl-4 ta' Mejju.,The house of EU organised civil society will open its doors in Brussels on 4 May.,"['Id', '-', 'dar', 'tas', '-', 'soċjetà', 'ċivili', 'organizzata', 'tal', '-', 'UE', 'se', 'tiftaħ', 'il', '-', 'bibien', 'tagħha', 'fi', 'Brussell', 'fl-4', 'ta', ""'"", 'Mejju', '.']","['The', 'house', 'of', 'EU', 'organised', 'civil', 'society', 'will', 'open', 'its', 'doors', 'in', 'Brussels', 'on', '4', 'May.']"
kapitolu ddedikat biex jgħin l-esportazzjonijiet tan-negozji ż-żgħar;,A dedicated chapter to help small business exports.,"['kapitolu', 'ddedikat', 'biex', 'jgħin', 'l', '-', 'esportazzjonijiet', 'tan', '-', 'negozji', 'ż', '-', 'żgħar', ';']","['A', 'dedicated', 'chapter', 'to', 'help', 'small', 'business', 'exports', '.']"
Ir-Rappreżentanzi fl-Istati Membri se jorganizzaw avvenimenti wkoll.,The Representations in the Member States will also organise events.,"['Ir', '-', 'Rappreżentanzi', 'fl', '-', 'Istati', 'Membri', 'se', 'jorganizzaw', 'avvenimenti', 'wkoll', '.']","['The', 'Representations', 'in', 'the', 'Member', 'States', 'will', 'also', 'organise', 'events', '.']"
"F'Jum l-Ewropa, fid-9 ta' Mejju, l-UE tiċċelebra l-kisbiet tagħha ta' għaqda u paċi fit-tul, filwaqt li tfakkar l-iffirmar tad-Dikjarazzjoni ta' Schuman fl-1950.","On Europe Day, 9 May, the EU celebrates its achievements of unity and long-term peace, commemorating the signing of the Schuman Declaration in 1950.","[""F'Jum"", 'l', '-', 'Ewropa', ',', 'fid-9', 'ta', ""'"", 'Mejju', ',', 'l', '-', 'UE', 'tiċċelebra', 'l', '-', 'kisbiet', 'tagħha', 'ta', ""'"", 'għaqda', 'u', 'paċi', 'fit', '-', 'tul', ',', 'filwaqt', 'li', 'tfakkar', 'l', '-', 'iffirmar', 'tad', '-', 'Dikjarazzjoni', 'ta', ""'"", 'Schuman', 'fl-1950', '.']","['On', 'Europe', 'Day', ',', '9', 'May', ',', 'the', 'EU', 'celebrates', 'its', 'achievements', 'of', 'unity', 'and', 'long', '-', 'term', 'peace', ',', 'commemorating', 'the', 'signing', 'of', 'the', 'Schuman', 'Declaration', 'in', '1950', '.']"
Il-proġetti se jwettqu r-riċerka tagħhom fl-oqsma xjentifiċi kollha u se jitwettqu f'kollaborazzjoni mal-Infrastrutturi Ewropej tar-Riċerka.,The projects will carry out their research in all scientific domains and will be conducted in collaboration with European Research Infrastructures.,"['Il', '-', 'proġetti', 'se', 'jwettqu', 'r', '-', 'riċerka', 'tagħhom', 'fl', '-', 'oqsma', 'xjentifiċi', 'kollha', 'u', 'se', 'jitwettqu', ""f'kollaborazzjoni"", 'mal', '-', 'Infrastrutturi', 'Ewropej', 'tar', '-', 'Riċerka', '.']","['The', 'projects', 'will', 'carry', 'out', 'their', 'research', 'in', 'all', 'scientific', 'domains', 'and', 'will', 'be', 'conducted', 'in', 'collaboration', 'with', 'European', 'Research', 'Infrastructures', '.']"
Sfond,Background,['Sfond'],['Background']
"Se jgawdu mużika live, spettakli taż-żfin u workshops u jieħdu lura magħhom ispirazzjonijiet kulinarji minn diversi postijiet madwar id-dinja.","They will enjoy live music, dance performances, workshops and collect culinary inspirations from various places around the world.","['Se', 'jgawdu', 'mużika', 'live', ',', 'spettakli', 'taż', '-', 'żfin', 'u', 'workshops', 'u', 'jieħdu', 'lura', 'magħhom', 'ispirazzjonijiet', 'kulinarji', 'minn', 'diversi', 'postijiet', 'madwar', 'id', '-', 'dinja', '.']","['They', 'will', 'enjoy', 'live', 'music', ',', 'dance', 'performances', ',', 'workshops', 'and', 'collect', 'culinary', 'inspirations', 'from', 'various', 'places', 'around', 'the', 'world', '.']"
"Minħabba l-gwerra ta' aggressjoni tar-Russja li għaddejja bħalissa, l-Ukrajna qed tiffaċċja ħsara dejjem akbar għall-infrastruttura tar-riċerka, sfidi loġistiċi u finanzjarji fis-sostenn tal-attivitajiet ta' riċerka fil-pajjiż, u telf inkwetanti ta' professjonisti tas-sengħa.","Due to Russia's ongoing war of aggression, Ukraine is confronted with escalating damage to research infrastructure, logistical and financial challenges in sustaining research activities within the country, and a concerning loss of skilled professionals.","['Minħabba', 'l', '-', 'gwerra', 'ta', ""'"", 'aggressjoni', 'tar', '-', 'Russja', 'li', 'għaddejja', 'bħalissa', ',', 'l', '-', 'Ukrajna', 'qed', 'tiffaċċja', 'ħsara', 'dejjem', 'akbar', 'għall', '-', 'infrastruttura', 'tar', '-', 'riċerka', ',', 'sfidi', 'loġistiċi', 'u', 'finanzjarji', 'fis', '-', 'sostenn', 'tal', '-', 'attivitajiet', 'ta', ""'"", 'riċerka', 'fil', '-', 'pajjiż', ',', 'u', 'telf', 'inkwetanti', 'ta', ""'"", 'professjonisti', 'tas', '-', 'sengħa', '.']","['Due', 'to', 'Russia', ""'s"", 'ongoing', 'war', 'of', 'aggression', ',', 'Ukraine', 'is', 'confronted', 'with', 'escalating', 'damage', 'to', 'research', 'infrastructure', ',', 'logistical', 'and', 'financial', 'challenges', 'in', 'sustaining', 'research', 'activities', 'within', 'the', 'country', ',', 'and', 'a', 'concerning', 'loss', 'of', 'skilled', 'professionals', '.']"
"Iċ-ċittadini se jiġu mistiedna jinfurmaw ruħhom kif issir il-votazzjoni fl-elezzjonijiet Ewropej, għaliex huwa importanti li wieħed jivvota, u kif jistgħu jagħmlu differenza fil-protezzjoni tad-demokrazija.","Citizens will be invited to learn how to vote in the European elections, why voting matters, and how to make a difference in protecting democracy.","['Iċ', '-', 'ċittadini', 'se', 'jiġu', 'mistiedna', 'jinfurmaw', 'ruħhom', 'kif', 'issir', 'il', '-', 'votazzjoni', 'fl', '-', 'elezzjonijiet', 'Ewropej', ',', 'għaliex', 'huwa', 'importanti', 'li', 'wieħed', 'jivvota', ',', 'u', 'kif', 'jistgħu', 'jagħmlu', 'differenza', 'fil', '-', 'protezzjoni', 'tad', '-', 'demokrazija', '.']","['Citizens', 'will', 'be', 'invited', 'to', 'learn', 'how', 'to', 'vote', 'in', 'the', 'European', 'elections', ',', 'why', 'voting', 'matters', ',', 'and', 'how', 'to', 'make', 'a', 'difference', 'in', 'protecting', 'democracy', '.']"
"Se jiġu organizzati żjarat iggwidati matul il-jum, mingħajr reġistrazzjoni minn qabel, li jippermettu liċ-ċittadini jesploraw ukoll l-arkitettura tal-binjiet tal-Kunsill.","Guided tours will be organised throughout the day, without prior registration, allowing citizens to explore also the architecture of the Council buildings.","['Se', 'jiġu', 'organizzati', 'żjarat', 'iggwidati', 'matul', 'il', '-', 'jum', ',', 'mingħajr', 'reġistrazzjoni', 'minn', 'qabel', ',', 'li', 'jippermettu', 'liċ', '-', 'ċittadini', 'jesploraw', 'ukoll', 'l', '-', 'arkitettura', 'tal', '-', 'binjiet', 'tal', '-', 'Kunsill', '.']","['Guided', 'tours', 'will', 'be', 'organised', 'throughout', 'the', 'day', ',', 'without', 'prior', 'registration', ',', 'allowing', 'citizens', 'to', 'explore', 'also', 'the', 'architecture', 'of', 'the', 'Council', 'buildings', '.']"
Il-viżitaturi se jkollhom l-opportunità jiskopru x'qed tagħmel il-Kummissjoni biex tiddefendi d-demokrazija u d-diversità tagħna u kif qed nibnu futur aktar diġitali u aktar ekoloġiku.,"Visitors will have the chance to find out what the Commission does to defend our democracy, diversity and how we are building a more digital and greener future.","['Il', '-', 'viżitaturi', 'se', 'jkollhom', 'l', '-', 'opportunità', 'jiskopru', ""x'qed"", 'tagħmel', 'il', '-', 'Kummissjoni', 'biex', 'tiddefendi', 'd', '-', 'demokrazija', 'u', 'd', '-', 'diversità', 'tagħna', 'u', 'kif', 'qed', 'nibnu', 'futur', 'aktar', 'diġitali', 'u', 'aktar', 'ekoloġiku', '.']","['Visitors', 'will', 'have', 'the', 'chance', 'to', 'find', 'out', 'what', 'the', 'Commission', 'does', 'to', 'defend', 'our', 'democracy', ',', 'diversity', 'and', 'how', 'we', 'are', 'building', 'a', 'more', 'digital', 'and', 'greener', 'future', '.']"
Jum l-Ewropa 2024: L-istituzzjonijiet Ewropej tal-Ewropa kollha jilqgħu liċ-ċittadini għall-avvenimenti tagħhom marbutin mal-Jum għall-Pubbliku,Europe Day 2024: European institutions across Europe welcome citizens to their Open Day events,"['Jum', 'l', '-', 'Ewropa', '2024', ':', 'L', '-', 'istituzzjonijiet', 'Ewropej', 'tal', '-', 'Ewropa', 'kollha', 'jilqgħu', 'liċ', '-', 'ċittadini', 'għall', '-', 'avvenimenti', 'tagħhom', 'marbutin', 'mal', '-', 'Jum', 'għall', '-', 'Pubbliku']","['Europe', 'Day', '2024', ':', 'European', 'institutions', 'across', 'Europe', 'welcome', 'citizens', 'to', 'their', 'Open', 'Day', 'events']"
"L-għajnuna, li tista' tingħata fi kwalunkwe forma sat-30 ta' Ġunju 2024, se tikkumpensa parzjalment lill-kumpaniji, b'mod partikolari lil dawk li huma utenti intensivi tal-enerġija, għal kostijiet addizzjonali minħabba żidiet eċċezzjonali fil-prezzijiet tal-gass u tal-elettriku;","The aid, which can be granted in any form until 30 June 2024, will partially compensate companies, in particular intensive energy users, for additional costs due to exceptional gas and electricity price increases;","['L', '-', 'għajnuna', ',', 'li', 'tista', ""'"", 'tingħata', 'fi', 'kwalunkwe', 'forma', 'sat-30', 'ta', ""'"", 'Ġunju', '2024', ',', 'se', 'tikkumpensa', 'parzjalment', 'lill', '-', 'kumpaniji', ',', ""b'mod"", 'partikolari', 'lil', 'dawk', 'li', 'huma', 'utenti', 'intensivi', 'tal', '-', 'enerġija', ',', 'għal', 'kostijiet', 'addizzjonali', 'minħabba', 'żidiet', 'eċċezzjonali', 'fil', '-', 'prezzijiet', 'tal', '-', 'gass', 'u', 'tal', '-', 'elettriku', ';']","['The', 'aid', ',', 'which', 'can', 'be', 'granted', 'in', 'any', 'form', 'until', '30', 'June', '2024', ',', 'will', 'partially', 'compensate', 'companies', ',', 'in', 'particular', 'intensive', 'energy', 'users', ',', 'for', 'additional', 'costs', 'due', 'to', 'exceptional', 'gas', 'and', 'electricity', 'price', 'increases', ';']"
Il-qafas Temporanju għall-Kriżijiet ġie emendat fl-20 ta' Lulju 2022 u fit-28 ta' Ottubru 2022.,The Temporary Crisis Framework was amended on 20 July 2022 and on 28 October 2022.,"['Il', '-', 'qafas', 'Temporanju', 'għall', '-', 'Kriżijiet', 'ġie', 'emendat', 'fl-20', 'ta', ""'"", 'Lulju', '2022', 'u', 'fit-28', 'ta', ""'"", 'Ottubru', '2022', '.']","['The', 'Temporary', 'Crisis', 'Framework', 'was', 'amended', 'on', '20', 'July', '2022', 'and', 'on', '28', 'October', '2022', '.']"
In-negozji tal-UE issa jistgħu jieħdu vantaġġ mill-benefiċċji bħal:,EU business can now take advantage of benefits such as:,"['In', '-', 'negozji', 'tal', '-', 'UE', 'issa', 'jistgħu', 'jieħdu', 'vantaġġ', 'mill', '-', 'benefiċċji', 'bħal', ':']","['EU', 'business', 'can', 'now', 'take', 'advantage', 'of', 'benefits', 'such', 'as', ':']"
"Wara l-emenda tal-lum, it-TCTF jippermetti:","Following today's amendment, the TCTF allows:","['Wara', 'l', '-', 'emenda', 'tal', '-', 'lum', ',', 'it', '-', 'TCTF', 'jippermetti', ':']","['Following', 'today', ""'s"", 'amendment', ',', 'the', 'TCTF', 'allows', ':']"
Il-ftehim huwa mistenni jnaqqas €140 miljun fis-sena f'dazji għall-kumpaniji tal-UE.,The deal is expected to cut €140 million a year in duties for EU companies.,"['Il', '-', 'ftehim', 'huwa', 'mistenni', 'jnaqqas', '€', '140', 'miljun', 'fis', '-', 'sena', ""f'dazji"", 'għall', '-', 'kumpaniji', 'tal', '-', 'UE', '.']","['The', 'deal', 'is', 'expected', 'to', 'cut', '€', '140', 'million', 'a', 'year', 'in', 'duties', 'for', 'EU', 'companies', '.']"
rekwiżiti u proċeduri ta' konformità mnaqqsa b'mod sinifikanti.,Significantly reduced compliance requirements and procedures.,"['rekwiżiti', 'u', 'proċeduri', 'ta', ""'"", 'konformità', 'mnaqqsa', ""b'mod"", 'sinifikanti', '.']","['Significantly', 'reduced', 'compliance', 'requirements', 'and', 'procedures', '.']"
"Jum l-Ewropa huwa simbolu tal-ftuħ, it-trasparenza, id-demokrazija u l-unità tal-UE.","Europe Day is a symbol of the EU's openness, transparency, democracy, and unity.","['Jum', 'l', '-', 'Ewropa', 'huwa', 'simbolu', 'tal', '-', 'ftuħ', ',', 'it', '-', 'trasparenza', ',', 'id', '-', 'demokrazija', 'u', 'l', '-', 'unità', 'tal', '-', 'UE', '.']","['Europe', 'Day', 'is', 'a', 'symbol', 'of', 'the', 'EU', ""'s"", 'openness', ',', 'transparency', ',', 'democracy', ',', 'and', 'unity', '.']"
"Il-Kummissjoni ħadet nota wkoll tal-konklużjonijiet tal-Kunsill Ewropew tas-17 u t-18 ta' April 2024 dwar l-importanza ta' settur agrikolu reżiljenti u sostenibbli għas-sigurtà tal-ikel u l-awtonomija strateġika tal-UE, u l-inkoraġġiment tiegħu biex tkompli l-ħidma fuq estensjoni possibbli tat-TCTF.","The Commission has also taken note of the European Council's conclusions of 17 and 18 April 2024 on the importance of a resilient and sustainable agricultural sector for food security and the EU's strategic autonomy, and its encouragement to pursue the work on a possible extension of the TCTF.","['Il', '-', 'Kummissjoni', 'ħadet', 'nota', 'wkoll', 'tal', '-', 'konklużjonijiet', 'tal', '-', 'Kunsill', 'Ewropew', 'tas-17', 'u', 't-18', 'ta', ""'"", 'April', '2024', 'dwar', 'l', '-', 'importanza', 'ta', ""'"", 'settur', 'agrikolu', 'reżiljenti', 'u', 'sostenibbli', 'għas', '-', 'sigurtà', 'tal', '-', 'ikel', 'u', 'l', '-', 'awtonomija', 'strateġika', 'tal', '-', 'UE', ',', 'u', 'l', '-', 'inkoraġġiment', 'tiegħu', 'biex', 'tkompli', 'l', '-', 'ħidma', 'fuq', 'estensjoni', 'possibbli', 'tat', '-', 'TCTF', '.']","['The', 'Commission', 'has', 'also', 'taken', 'note', 'of', 'the', 'European', 'Council', ""'s"", 'conclusions', 'of', '17', 'and', '18', 'April', '2024', 'on', 'the', 'importance', 'of', 'a', 'resilient', 'and', 'sustainable', 'agricultural', 'sector', 'for', 'food', 'security', 'and', 'the', 'EU', ""'s"", 'strategic', 'autonomy', ',', 'and', 'its', 'encouragement', 'to', 'pursue', 'the', 'work', 'on', 'a', 'possible', 'extension', 'of', 'the', 'TCTF', '.']"
Il-Bank Ċentrali Ewropew,European Central Bank,"['Il', '-', 'Bank', 'Ċentrali', 'Ewropew']","['European', 'Central', 'Bank']"
"Fl-4 ta' Mejju, il-viżitaturi tas-Servizz Ewropew għall-Azzjoni Esterna huma mistiedna jesperjenzaw il-ħidma dinamika tas-servizz diplomatiku tal-UE fi Brussell u madwar id-dinja.",Visitors to the European External Action Service are invited on 4 May to immerse themselves in the dynamic work of the EU diplomatic service in Brussels and around the world.,"['Fl-4', 'ta', ""'"", 'Mejju', ',', 'il', '-', 'viżitaturi', 'tas', '-', 'Servizz', 'Ewropew', 'għall', '-', 'Azzjoni', 'Esterna', 'huma', 'mistiedna', 'jesperjenzaw', 'il', '-', 'ħidma', 'dinamika', 'tas', '-', 'servizz', 'diplomatiku', 'tal', '-', 'UE', 'fi', 'Brussell', 'u', 'madwar', 'id', '-', 'dinja', '.']","['Visitors', 'to', 'the', 'European', 'External', 'Action', 'Service', 'are', 'invited', 'on', '4', 'May', 'to', 'immerse', 'themselves', 'in', 'the', 'dynamic', 'work', 'of', 'the', 'EU', 'diplomatic', 'service', 'in', 'Brussels', 'and', 'around', 'the', 'world', '.']"
Informazzjoni prattika biex tgħin lill-esportaturi tal-UE jieħdu vantaġġ minn dawn l-opportunitajiet ġodda tinsab fuq il-paġna tal-Kummissjoni Access2Markets.,Practical information to help EU exporters take advantage of these new opportunities can be found on the Commission's Access2Markets page.,"['Informazzjoni', 'prattika', 'biex', 'tgħin', 'lill', '-', 'esportaturi', 'tal', '-', 'UE', 'jieħdu', 'vantaġġ', 'minn', 'dawn', 'l', '-', 'opportunitajiet', 'ġodda', 'tinsab', 'fuq', 'il', '-', 'paġna', 'tal', '-', 'Kummissjoni', 'Access2Markets', '.']","['Practical', 'information', 'to', 'help', 'EU', 'exporters', 'take', 'advantage', 'of', 'these', 'new', 'opportunities', 'can', 'be', 'found', 'on', 'the', 'Commission', ""'s"", 'Access2Markets', 'page', '.']"
Ir-riċerkaturi żgħażagħ kienu rrappreżentati tajjeb fost l-applikanti.,Young researchers were well represented among the applicants.,"['Ir', '-', 'riċerkaturi', 'żgħażagħ', 'kienu', 'rrappreżentati', 'tajjeb', 'fost', 'l', '-', 'applikanti', '.']","['Young', 'researchers', 'were', 'well', 'represented', 'among', 'the', 'applicants', '.']"
Informazzjoni ġenerali,Background,"['Informazzjoni', 'ġenerali']",['Background']
"aċċess imtejjeb għall-kumpaniji tal-UE għall-kuntratti ta' akkwist pubbliku mill-gvern ta' New Zealand għall-merkanzija, is-servizzi, ix-xogħlijiet u l-konċessjoni ta' xogħlijiet;","Improved access for EU companies to New Zealand government procurement contracts for goods, services, works and works concessions.","['aċċess', 'imtejjeb', 'għall', '-', 'kumpaniji', 'tal', '-', 'UE', 'għall', '-', 'kuntratti', 'ta', ""'"", 'akkwist', 'pubbliku', 'mill', '-', 'gvern', 'ta', ""'"", 'New', 'Zealand', 'għall', '-', 'merkanzija', ',', 'is', '-', 'servizzi', ',', 'ix', '-', 'xogħlijiet', 'u', 'l', '-', 'konċessjoni', 'ta', ""'"", 'xogħlijiet', ';']","['Improved', 'access', 'for', 'EU', 'companies', 'to', 'New', 'Zealand', 'government', 'procurement', 'contracts', 'for', 'goods', ',', 'services', ',', 'works', 'and', 'works', 'concessions', '.']"
"Il-jum se jkompli b'attivitajiet għall-etajiet kollha, bi stands ta' informazzjoni u sessjonijiet qosra dwar il-ġlieda kontra d-diżinformazzjoni, dwar in-nisa fil-politika u dwar il-kampanji għall-elezzjonijiet.","The day will continue with activities for all ages, with info stands and short sessions on fight against disinformation, women in politics and campaigning for the elections.","['Il', '-', 'jum', 'se', 'jkompli', ""b'attivitajiet"", 'għall', '-', 'etajiet', 'kollha', ',', 'bi', 'stands', 'ta', ""'"", 'informazzjoni', 'u', 'sessjonijiet', 'qosra', 'dwar', 'il', '-', 'ġlieda', 'kontra', 'd', '-', 'diżinformazzjoni', ',', 'dwar', 'in', '-', 'nisa', 'fil', '-', 'politika', 'u', 'dwar', 'il', '-', 'kampanji', 'għall', '-', 'elezzjonijiet', '.']","['The', 'day', 'will', 'continue', 'with', 'activities', 'for', 'all', 'ages', ',', 'with', 'info', 'stands', 'and', 'short', 'sessions', 'on', 'fight', 'against', 'disinformation', ',', 'women', 'in', 'politics', 'and', 'campaigning', 'for', 'the', 'elections', '.']"
Aktar informazzjoni dwar il-possibbiltajiet ta' appoġġ għal miżuri biex titħaffef it-tranżizzjoni lejn ekonomija b'emissjonijiet żero netti tista' tinstab hawnhekk.,More information on the support possibilities for measures to accelerate the transition to a net-zero economy can be found here.,"['Aktar', 'informazzjoni', 'dwar', 'il', '-', 'possibbiltajiet', 'ta', ""'"", 'appoġġ', 'għal', 'miżuri', 'biex', 'titħaffef', 'it', '-', 'tranżizzjoni', 'lejn', 'ekonomija', ""b'emissjonijiet"", 'żero', 'netti', 'tista', ""'"", 'tinstab', 'hawnhekk', '.']","['More', 'information', 'on', 'the', 'support', 'possibilities', 'for', 'measures', 'to', 'accelerate', 'the', 'transition', 'to', 'a', 'net', '-', 'zero', 'economy', 'can', 'be', 'found', 'here', '.']"
"Biex jitfakkar il-jum, u t-30 anniversarju tal-Kumitat, se jkun hemm festival tar-reġjuni u tal-bliet b'sessjonijiet ta' dewqan, logħob tal-kwiżż u wirja diġitali, li jipprovdu opportunità biex niċċelebraw id-diversità tat-territorji tagħna.","To mark the day – and the Committee's 30th anniversary – there will be a festival of regions and cities with tastings, quiz games and a digital show, providing an opportunity to celebrate the diversity of our territories.","['Biex', 'jitfakkar', 'il', '-', 'jum', ',', 'u', 't-30', 'anniversarju', 'tal', '-', 'Kumitat', ',', 'se', 'jkun', 'hemm', 'festival', 'tar', '-', 'reġjuni', 'u', 'tal', '-', 'bliet', ""b'sessjonijiet"", 'ta', ""'"", 'dewqan', ',', 'logħob', 'tal', '-', 'kwiżż', 'u', 'wirja', 'diġitali', ',', 'li', 'jipprovdu', 'opportunità', 'biex', 'niċċelebraw', 'id', '-', 'diversità', 'tat', '-', 'territorji', 'tagħna', '.']","['To', 'mark', 'the', 'day', '–', 'and', 'the', 'Committee', ""'s"", '30th', 'anniversary', '–', 'there', 'will', 'be', 'a', 'festival', 'of', 'regions', 'and', 'cities', 'with', 'tastings', ',', 'quiz', 'games', 'and', 'a', 'digital', 'show', ',', 'providing', 'an', 'opportunity', 'to', 'celebrate', 'the', 'diversity', 'of', 'our', 'territories', '.']"
"Iċ-ċittadini se jkollhom l-opportunità jsiru jafu iktar dwar l-ewro, il-munita komuni ta' 20 pajjiż tal-UE, il-proġett tal-ewro diġitali u dwar dak li qed jagħmel il-BĊE biex iżomm il-prezzijiet stabbli u l-banek sikuri u sodi.","Citizens will have the chance to learn about the euro, the common currency of 20 EU countries, the digital euro project and what the ECB does to keep prices stable and banks safe and sound.","['Iċ', '-', 'ċittadini', 'se', 'jkollhom', 'l', '-', 'opportunità', 'jsiru', 'jafu', 'iktar', 'dwar', 'l', '-', 'ewro', ',', 'il', '-', 'munita', 'komuni', 'ta', ""'"", '20', 'pajjiż', 'tal', '-', 'UE', ',', 'il', '-', 'proġett', 'tal', '-', 'ewro', 'diġitali', 'u', 'dwar', 'dak', 'li', 'qed', 'jagħmel', 'il', '-', 'BĊE', 'biex', 'iżomm', 'il', '-', 'prezzijiet', 'stabbli', 'u', 'l', '-', 'banek', 'sikuri', 'u', 'sodi', '.']","['Citizens', 'will', 'have', 'the', 'chance', 'to', 'learn', 'about', 'the', 'euro', ',', 'the', 'common', 'currency', 'of', '20', 'EU', 'countries', ',', 'the', 'digital', 'euro', 'project', 'and', 'what', 'the', 'ECB', 'does', 'to', 'keep', 'prices', 'stable', 'and', 'banks', 'safe', 'and', 'sound', '.']"
Il-membri tal-KESE se jieħdu sehem f'diskussjonijiet vivaċi man-nies u se jisimgħu t-tħassib tagħhom.,The EESC members will engage in lively discussions with people and will hear their concerns.,"['Il', '-', 'membri', 'tal', '-', 'KESE', 'se', 'jieħdu', 'sehem', ""f'diskussjonijiet"", 'vivaċi', 'man', '-', 'nies', 'u', 'se', 'jisimgħu', 't', '-', 'tħassib', 'tagħhom', '.']","['The', 'EESC', 'members', 'will', 'engage', 'in', 'lively', 'discussions', 'with', 'people', 'and', 'will', 'hear', 'their', 'concerns', '.']"
Il-Kummissjoni Ewropea,European Commission,"['Il', '-', 'Kummissjoni', 'Ewropea']","['European', 'Commission']"
"Jidħol fis-seħħ ftehim kummerċjali bejn l-UE u New Zealand, li jiftaħ opportunitajiet ġodda għall-esportaturi tal-UE","EU-New Zealand trade agreement enters into force, opening new opportunities for EU exporters.","['Jidħol', 'fis', '-', 'seħħ', 'ftehim', 'kummerċjali', 'bejn', 'l', '-', 'UE', 'u', 'New', 'Zealand', ',', 'li', 'jiftaħ', 'opportunitajiet', 'ġodda', 'għall', '-', 'esportaturi', 'tal', '-', 'UE']","['EU', '-', 'New', 'Zealand', 'trade', 'agreement', 'enters', 'into', 'force', ',', 'opening', 'new', 'opportunities', 'for', 'EU', 'exporters', '.']"
Il-Kunsill tal-Unjoni Ewropea,Council of the European Union,"['Il', '-', 'Kunsill', 'tal', '-', 'Unjoni', 'Ewropea']","['Council', 'of', 'the', 'European', 'Union']"
"In-negozji, il-produtturi u l-bdiewa tal-UE issa jistgħu jieħdu vantaġġ minn għadd ta' opportunitajiet ġodda ta' esportazzjoni bid-dħul fis-seħħ illum tal-ftehim kummerċjali bejn l-UE u New Zealand.","EU businesses, producers and farmers are now able to take advantage of a host of new export opportunities with the entry into force of the EU-New Zealand trade agreement today.","['In', '-', 'negozji', ',', 'il', '-', 'produtturi', 'u', 'l', '-', 'bdiewa', 'tal', '-', 'UE', 'issa', 'jistgħu', 'jieħdu', 'vantaġġ', 'minn', 'għadd', 'ta', ""'"", 'opportunitajiet', 'ġodda', 'ta', ""'"", 'esportazzjoni', 'bid', '-', 'dħul', 'fis', '-', 'seħħ', 'illum', 'tal', '-', 'ftehim', 'kummerċjali', 'bejn', 'l', '-', 'UE', 'u', 'New', 'Zealand', '.']","['EU', 'businesses', ',', 'producers', 'and', 'farmers', 'are', 'now', 'able', 'to', 'take', 'advantage', 'of', 'a', 'host', 'of', 'new', 'export', 'opportunities', 'with', 'the', 'entry', 'into', 'force', 'of', 'the', 'EU', '-', 'New', 'Zealand', 'trade', 'agreement', 'today', '.']"
"It-theddida kostanti ta' attakki fuq infrastruttura kritika, kif ukoll l-impossibbiltà tal-ivvjaġġar u t-tnaqqis tal-finanzjament mill-Istat xekklu l-progress fir-riċerka.","The constant threat of attacks on critical infrastructure, as well as the impossibility of travelling and the reduction of state funding has hindered research progress.","['It', '-', 'theddida', 'kostanti', 'ta', ""'"", 'attakki', 'fuq', 'infrastruttura', 'kritika', ',', 'kif', 'ukoll', 'l', '-', 'impossibbiltà', 'tal', '-', 'ivvjaġġar', 'u', 't', '-', 'tnaqqis', 'tal', '-', 'finanzjament', 'mill', '-', 'Istat', 'xekklu', 'l', '-', 'progress', 'fir', '-', 'riċerka', '.']","['The', 'constant', 'threat', 'of', 'attacks', 'on', 'critical', 'infrastructure', ',', 'as', 'well', 'as', 'the', 'impossibility', 'of', 'travelling', 'and', 'the', 'reduction', 'of', 'state', 'funding', 'has', 'hindered', 'research', 'progress', '.']"
Is-Servizz Ewropew għall-Azzjoni Esterna,European External Action Service,"['Is', '-', 'Servizz', 'Ewropew', 'għall', '-', 'Azzjoni', 'Esterna']","['European', 'External', 'Action', 'Service']"
"Is-sejħa għalqet f'Mejju 2023, wara kampanja estensiva ta' tixrid fl-Ukrajna.","The call closed in May 2023, following an extensive dissemination campaign in Ukraine.","['Is', '-', 'sejħa', 'għalqet', ""f'Mejju"", '2023', ',', 'wara', 'kampanja', 'estensiva', 'ta', ""'"", 'tixrid', 'fl', '-', 'Ukrajna', '.']","['The', 'call', 'closed', 'in', 'May', '2023', ',', 'following', 'an', 'extensive', 'dissemination', 'campaign', 'in', 'Ukraine', '.']"
"Fl-4 ta' Mejju, iċ-ċittadini huma mistiedna jżuru l-bini tal-Berlaymont.","On 4 May, citizens are invited to visit the Berlaymont building.","['Fl-4', 'ta', ""'"", 'Mejju', ',', 'iċ', '-', 'ċittadini', 'huma', 'mistiedna', 'jżuru', 'l', '-', 'bini', 'tal', '-', 'Berlaymont', '.']","['On', '4', 'May', ',', 'citizens', 'are', 'invited', 'to', 'visit', 'the', 'Berlaymont', 'building', '.']"
15 % innovazzjoni Soċjali u Kulturali,15% Social and Cultural Innovation,"['15', '%', 'innovazzjoni', 'Soċjali', 'u', 'Kulturali']","['15', '%', 'Social', 'and', 'Cultural', 'Innovation']"
Il-vjaġġ immersiv se jkompli jiġi arrikkit b'wiri ta' films diversi fil-kamra taċ-ċinema.,The immersive journey will be further enriched with screenings of diverse movies in the cinema room.,"['Il', '-', 'vjaġġ', 'immersiv', 'se', 'jkompli', 'jiġi', 'arrikkit', ""b'wiri"", 'ta', ""'"", 'films', 'diversi', 'fil', '-', 'kamra', 'taċ', '-', 'ċinema', '.']","['The', 'immersive', 'journey', 'will', 'be', 'further', 'enriched', 'with', 'screenings', 'of', 'diverse', 'movies', 'in', 'the', 'cinema', 'room', '.']"
Wieħed mill-istadji importanti huwa t-tnedija tal-uffiċċju ta' Orizzont Ewropa fi Kiev.,One of the milestones is the launch of the Horizon Europe office in Kyiv.,"['Wieħed', 'mill', '-', 'istadji', 'importanti', 'huwa', 't', '-', 'tnedija', 'tal', '-', 'uffiċċju', 'ta', ""'"", 'Orizzont', 'Ewropa', 'fi', 'Kiev', '.']","['One', 'of', 'the', 'milestones', 'is', 'the', 'launch', 'of', 'the', 'Horizon', 'Europe', 'office', 'in', 'Kyiv', '.']"
"Wara li l-Parlament Ewropew adottah fit-22 ta' Novembru 2023, fis-27 ta' Novembru 2023, il-Kunsill adotta deċiżjoni biex jiġi konkluż il-ftehim.","The European Parliament adopted it on 22 November 2023, followed by the adoption of a decision to conclude the agreement by the Council on 27 November 2023.","['Wara', 'li', 'l', '-', 'Parlament', 'Ewropew', 'adottah', 'fit-22', 'ta', ""'"", 'Novembru', '2023', ',', 'fis-27', 'ta', ""'"", 'Novembru', '2023', ',', 'il', '-', 'Kunsill', 'adotta', 'deċiżjoni', 'biex', 'jiġi', 'konkluż', 'il', '-', 'ftehim', '.']","['The', 'European', 'Parliament', 'adopted', 'it', 'on', '22', 'November', '2023', ',', 'followed', 'by', 'the', 'adoption', 'of', 'a', 'decision', 'to', 'conclude', 'the', 'agreement', 'by', 'the', 'Council', 'on', '27', 'November', '2023', '.']"
L-estensjoni ma tinkludix żieda tal-limiti massimi stabbiliti għall-ammonti limitati ta' għajnuna.,The prolongation does not include an increase of the ceilings set out for the limited amounts of aid.,"['L', '-', 'estensjoni', 'ma', 'tinkludix', 'żieda', 'tal', '-', 'limiti', 'massimi', 'stabbiliti', 'għall', '-', 'ammonti', 'limitati', 'ta', ""'"", 'għajnuna', '.']","['The', 'prolongation', 'does', 'not', 'include', 'an', 'increase', 'of', 'the', 'ceilings', 'set', 'out', 'for', 'the', 'limited', 'amounts', 'of', 'aid', '.']"
"Il-Kummissjoni se tagħti liċ-ċittadini l-opportunità li jinfurmaw ruħhom dwar ir-rwol tagħha, jesploraw il-villaġġi tematiċi armati għall-okkażjoni u jiskopru l-istorja tal-UE u l-valuri tagħna.","The Commission will give citizens the opportunity to learn about its role, explore thematic villages set up for the occasion and discover the history of the EU and our values.","['Il', '-', 'Kummissjoni', 'se', 'tagħti', 'liċ', '-', 'ċittadini', 'l', '-', 'opportunità', 'li', 'jinfurmaw', 'ruħhom', 'dwar', 'ir', '-', 'rwol', 'tagħha', ',', 'jesploraw', 'il', '-', 'villaġġi', 'tematiċi', 'armati', 'għall', '-', 'okkażjoni', 'u', 'jiskopru', 'l', '-', 'istorja', 'tal', '-', 'UE', 'u', 'l', '-', 'valuri', 'tagħna', '.']","['The', 'Commission', 'will', 'give', 'citizens', 'the', 'opportunity', 'to', 'learn', 'about', 'its', 'role', ',', 'explore', 'thematic', 'villages', 'set', 'up', 'for', 'the', 'occasion', 'and', 'discover', 'the', 'history', 'of', 'the', 'EU', 'and', 'our', 'values', '.']"
L-emenda tal-lum ma taffettwax id-dispożizzjonijiet li fadal tat-TCTF:,Today's amendment does not affect the remaining provisions of the TCTF:,"['L', '-', 'emenda', 'tal', '-', 'lum', 'ma', 'taffettwax', 'id', '-', 'dispożizzjonijiet', 'li', 'fadal', 'tat', '-', 'TCTF', ':']","['Today', ""'s"", 'amendment', 'does', 'not', 'affect', 'the', 'remaining', 'provisions', 'of', 'the', 'TCTF', ':']"
"Il-programm ta' Boroż ta' Studju Eurizon huwa mistenni li jkollu impatti pożittivi sinifikanti fuq il-ħidma tar-riċerkaturi Ukreni, inkluża l-opportunità li jerġgħu jibdew il-proġetti tagħhom, iwettqu riċerka mill-aktar avvanzata, jistabbilixxu kuntatt stabbli mas-sħab internazzjonali, u jwessgħu t-tixrid tar-riċerka.","The EURIZON Fellowship Programme is expected to have significant positive impacts on the work of Ukrainian researchers, including the opportunity to restart their projects, conduct cutting-edge research, establish stable contact with international partners, and broaden research dissemination.","['Il', '-', 'programm', 'ta', ""'"", 'Boroż', 'ta', ""'"", 'Studju', 'Eurizon', 'huwa', 'mistenni', 'li', 'jkollu', 'impatti', 'pożittivi', 'sinifikanti', 'fuq', 'il', '-', 'ħidma', 'tar', '-', 'riċerkaturi', 'Ukreni', ',', 'inkluża', 'l', '-', 'opportunità', 'li', 'jerġgħu', 'jibdew', 'il', '-', 'proġetti', 'tagħhom', ',', 'iwettqu', 'riċerka', 'mill', '-', 'aktar', 'avvanzata', ',', 'jistabbilixxu', 'kuntatt', 'stabbli', 'mas', '-', 'sħab', 'internazzjonali', ',', 'u', 'jwessgħu', 't', '-', 'tixrid', 'tar', '-', 'riċerka', '.']","['The', 'EURIZON', 'Fellowship', 'Programme', 'is', 'expected', 'to', 'have', 'significant', 'positive', 'impacts', 'on', 'the', 'work', 'of', 'Ukrainian', 'researchers', ',', 'including', 'the', 'opportunity', 'to', 'restart', 'their', 'projects', ',', 'conduct', 'cutting', '-', 'edge', 'research', ',', 'establish', 'stable', 'contact', 'with', 'international', 'partners', ',', 'and', 'broaden', 'research', 'dissemination', '.']"
Taqsima 2.6: Miżuri li jiffaċilitaw id-dekarbonizzazzjoni tal-proċessi industrijali.,Section 2.6: Measures facilitating the decarbonisation of industrial processes.,"['Taqsima', '2.6', ':', 'Miżuri', 'li', 'jiffaċilitaw', 'id', '-', 'dekarbonizzazzjoni', 'tal', '-', 'proċessi', 'industrijali', '.']","['Section', '2.6', ':', 'Measures', 'facilitating', 'the', 'decarbonisation', 'of', 'industrial', 'processes', '.']"
"Il-programm ta' Boroż ta' Studju se jippermettilhom ukoll inaqqsu l-istress, jgħinu jsolvu d-diffikultajiet tal-familja, jaċċessaw libreriji universitarji barranin, iżommu speċjalisti tal-IT, u jidentifikaw xejriet u l-aħjar prattiki fil-ġestjoni pubblika.","The Fellowship Programme will also allow them to reduce stress, help solve family difficulties, access foreign university libraries, retain IT specialists, and identify trends and best practices in public management.","['Il', '-', 'programm', 'ta', ""'"", 'Boroż', 'ta', ""'"", 'Studju', 'se', 'jippermettilhom', 'ukoll', 'inaqqsu', 'l', '-', 'istress', ',', 'jgħinu', 'jsolvu', 'd', '-', 'diffikultajiet', 'tal', '-', 'familja', ',', 'jaċċessaw', 'libreriji', 'universitarji', 'barranin', ',', 'iżommu', 'speċjalisti', 'tal', '-', 'IT', ',', 'u', 'jidentifikaw', 'xejriet', 'u', 'l', '-', 'aħjar', 'prattiki', 'fil', '-', 'ġestjoni', 'pubblika', '.']","['The', 'Fellowship', 'Programme', 'will', 'also', 'allow', 'them', 'to', 'reduce', 'stress', ',', 'help', 'solve', 'family', 'difficulties', ',', 'access', 'foreign', 'university', 'libraries', ',', 'retain', 'IT', 'specialists', ',', 'and', 'identify', 'trends', 'and', 'best', 'practices', 'in', 'public', 'management', '.']"
"Il-bdiewa tal-UE se jibbenefikaw mill-eliminazzjoni tat-tariffi fuq esportazzjonijiet ewlenin tal-UE bħal-laħam tal-majjal, l-inbid u l-inbid frizzanti, iċ-ċikkulata, il-ħlewwiet taz-zokkor u l-gallettini.","EU farmers will benefit from the elimination of tariffs on key EU exports such as pig meat, wine and sparkling wine, chocolate, sugar confectionary and biscuits.","['Il', '-', 'bdiewa', 'tal', '-', 'UE', 'se', 'jibbenefikaw', 'mill', '-', 'eliminazzjoni', 'tat', '-', 'tariffi', 'fuq', 'esportazzjonijiet', 'ewlenin', 'tal', '-', 'UE', 'bħal', '-', 'laħam', 'tal', '-', 'majjal', ',', 'l', '-', 'inbid', 'u', 'l', '-', 'inbid', 'frizzanti', ',', 'iċ', '-', 'ċikkulata', ',', 'il', '-', 'ħlewwiet', 'taz', '-', 'zokkor', 'u', 'l', '-', 'gallettini', '.']","['EU', 'farmers', 'will', 'benefit', 'from', 'the', 'elimination', 'of', 'tariffs', 'on', 'key', 'EU', 'exports', 'such', 'as', 'pig', 'meat', ',', 'wine', 'and', 'sparkling', 'wine', ',', 'chocolate', ',', 'sugar', 'confectionary', 'and', 'biscuits', '.']"
"L-applikazzjonijiet ġew mill-Ukrajna kollha, b'maġġoranza minn Kiev, segwiti minn Kharkiv u Lviv.","Applications came from all over Ukraine, with a majority from Kyiv, followed by Kharkiv and Lviv.","['L', '-', 'applikazzjonijiet', 'ġew', 'mill', '-', 'Ukrajna', 'kollha', ',', ""b'maġġoranza"", 'minn', 'Kiev', ',', 'segwiti', 'minn', 'Kharkiv', 'u', 'Lviv', '.']","['Applications', 'came', 'from', 'all', 'over', 'Ukraine', ',', 'with', 'a', 'majority', 'from', 'Kyiv', ',', 'followed', 'by', 'Kharkiv', 'and', 'Lviv', '.']"
"Din id-deċiżjoni li tiġi posposta t-tneħħija gradwali tat-TCTF tippermetti lill-Istati Membri jipprovdu ammonti limitati ta' għajnuna lill-kumpaniji attivi f'dawn is-setturi għal sitt xhur oħra, sal-31 ta' Diċembru 2024.","This decision to delay the phase-out of the TCTF allows Member States to provide limited amounts of aid to companies active in these sectors for further six months, until 31 December 2024.","['Din', 'id', '-', 'deċiżjoni', 'li', 'tiġi', 'posposta', 't', '-', 'tneħħija', 'gradwali', 'tat', '-', 'TCTF', 'tippermetti', 'lill', '-', 'Istati', 'Membri', 'jipprovdu', 'ammonti', 'limitati', 'ta', ""'"", 'għajnuna', 'lill', '-', 'kumpaniji', 'attivi', ""f'dawn"", 'is', '-', 'setturi', 'għal', 'sitt', 'xhur', 'oħra', ',', 'sal-31', 'ta', ""'"", 'Diċembru', '2024', '.']","['This', 'decision', 'to', 'delay', 'the', 'phase', '-', 'out', 'of', 'the', 'TCTF', 'allows', 'Member', 'States', 'to', 'provide', 'limited', 'amounts', 'of', 'aid', 'to', 'companies', 'active', 'in', 'these', 'sectors', 'for', 'further', 'six', 'months', ',', 'until', '31', 'December', '2024', '.']"
Sfond,Background,['Sfond'],['Background']
"Viżitaturi iżgħar se jgawdu minn sensiela ta' animazzjonijiet iddedikati, inkluża kaċċa għat-teżor.",Younger visitors will enjoy a series of dedicated animations including a treasure hunt.,"['Viżitaturi', 'iżgħar', 'se', 'jgawdu', 'minn', 'sensiela', 'ta', ""'"", 'animazzjonijiet', 'iddedikati', ',', 'inkluża', 'kaċċa', 'għat', '-', 'teżor', '.']","['Younger', 'visitors', 'will', 'enjoy', 'a', 'series', 'of', 'dedicated', 'animations', 'including', 'a', 'treasure', 'hunt', '.']"
"Barra minn hekk, filgħaxija l-BĊE se jiftaħ il-bibien tiegħu fi Frankfurt għal viżitaturi rreġistrati minn qabel bħala parti mill-inizjattiva “Night of the Museums” u fid-9 ta' Mejju se jingħaqad mal-Festival tal-Ewropa ta' Frankfurt.","Also, that evening the ECB will open its doors in Frankfurt to pre-registered visitors as part of the “Night of the Museums” initiative and on 9 May will join Frankfurt's Europe Festival.","['Barra', 'minn', 'hekk', ',', 'filgħaxija', 'l', '-', 'BĊE', 'se', 'jiftaħ', 'il', '-', 'bibien', 'tiegħu', 'fi', 'Frankfurt', 'għal', 'viżitaturi', 'rreġistrati', 'minn', 'qabel', 'bħala', 'parti', 'mill', '-', 'inizjattiva', '“', 'Night', 'of', 'the', 'Museums', '”', 'u', 'fid-9', 'ta', ""'"", 'Mejju', 'se', 'jingħaqad', 'mal', '-', 'Festival', 'tal', '-', 'Ewropa', 'ta', ""'"", 'Frankfurt', '.']","['Also', ',', 'that', 'evening', 'the', 'ECB', 'will', 'open', 'its', 'doors', 'in', 'Frankfurt', 'to', 'pre', '-', 'registered', 'visitors', 'as', 'part', 'of', 'the', '“', 'Night', 'of', 'the', 'Museums', '”', 'initiative', 'and', 'on', '9', 'May', 'will', 'join', 'Frankfurt', ""'s"", 'Europe', 'Festival', '.']"
Il-viżitaturi se jkunu jistgħu jiskopruhom b'mod interattiv u jattendu spettakli live.,Visitors will be able to discover these in an interactive manner and attend live performances.,"['Il', '-', 'viżitaturi', 'se', 'jkunu', 'jistgħu', 'jiskopruhom', ""b'mod"", 'interattiv', 'u', 'jattendu', 'spettakli', 'live', '.']","['Visitors', 'will', 'be', 'able', 'to', 'discover', 'these', 'in', 'an', 'interactive', 'manner', 'and', 'attend', 'live', 'performances', '.']"
Se jkun hemm stands u attivitajiet interattivi li joffru l-opportunità li wieħed isir jaf aktar dwar ir-rwol u l-impenn tal-Kumitat tar-Reġjuni li titnaqqas id-distanza bejn l-UE u l-komunitajiet lokali tagħha.,Interactive stands and activities will offer the chance to get to know more about the Committee of the Regions' role and commitment to narrowing the distance between the EU and its local communities.,"['Se', 'jkun', 'hemm', 'stands', 'u', 'attivitajiet', 'interattivi', 'li', 'joffru', 'l', '-', 'opportunità', 'li', 'wieħed', 'isir', 'jaf', 'aktar', 'dwar', 'ir', '-', 'rwol', 'u', 'l', '-', 'impenn', 'tal', '-', 'Kumitat', 'tar', '-', 'Reġjuni', 'li', 'titnaqqas', 'id', '-', 'distanza', 'bejn', 'l', '-', 'UE', 'u', 'l', '-', 'komunitajiet', 'lokali', 'tagħha', '.']","['Interactive', 'stands', 'and', 'activities', 'will', 'offer', 'the', 'chance', 'to', 'get', 'to', 'know', 'more', 'about', 'the', 'Committee', 'of', 'the', 'Regions', ""'"", 'role', 'and', 'commitment', 'to', 'narrowing', 'the', 'distance', 'between', 'the', 'EU', 'and', 'its', 'local', 'communities', '.']"
L-għan kien li jiġu offruti fellowships għal żmien qasir li jdumu 6 xhur jew 12-il xahar lir-riċerkaturi vulnerabbli.,The goal was to offer short-term fellowships lasting 6 or 12 months to vulnerable researchers.,"['L', '-', 'għan', 'kien', 'li', 'jiġu', 'offruti', 'fellowships', 'għal', 'żmien', 'qasir', 'li', 'jdumu', '6', 'xhur', 'jew', '12', '-', 'il', 'xahar', 'lir', '-', 'riċerkaturi', 'vulnerabbli', '.']","['The', 'goal', 'was', 'to', 'offer', 'short', '-', 'term', 'fellowships', 'lasting', '6', 'or', '12', 'months', 'to', 'vulnerable', 'researchers', '.']"
"6 % tal-Infrastrutturi tad-Data, tal-Kompjuter u tar-Riċerka Diġitali","6% Data, Computing and Digital Research Infrastructures","['6', '%', 'tal', '-', 'Infrastrutturi', 'tad', '-', 'Data', ',', 'tal', '-', 'Kompjuter', 'u', 'tar', '-', 'Riċerka', 'Diġitali']","['6', '%', 'Data', ',', 'Computing', 'and', 'Digital', 'Research', 'Infrastructures']"
Il-ftehim ġie ffirmat miż-żewġ partijiet fid-9 ta' Lulju 2023.,The agreement was signed by both parties on 9 July 2023.,"['Il', '-', 'ftehim', 'ġie', 'ffirmat', 'miż', '-', 'żewġ', 'partijiet', 'fid-9', 'ta', ""'"", 'Lulju', '2023', '.']","['The', 'agreement', 'was', 'signed', 'by', 'both', 'parties', 'on', '9', 'July', '2023', '.']"
